condition,source_language_code,target_language_code,source_script,target_script,shared_token_count,union_token_count,type_iou_percent,source_shared_token_occurrences,source_analysis_token_count,frequency_overlap_percent
clustering,eng_Latn,eng_Latn,Latin,Latin,4805,4805,100.00000000,19993,19993,100.00000000
clustering,eng_Latn,deu_Latn,Latin,Latin,1160,8590,13.50407451,9074,19993,45.38588506
clustering,eng_Latn,nld_Latn,Latin,Latin,1422,7863,18.08470050,10015,19993,50.09253239
clustering,eng_Latn,swe_Latn,Latin,Latin,1358,8199,16.56299549,10339,19993,51.71309958
clustering,eng_Latn,spa_Latn,Latin,Latin,1176,8313,14.14651750,8107,19993,40.54919222
clustering,eng_Latn,fra_Latn,Latin,Latin,1365,7670,17.79661017,9814,19993,49.08718051
clustering,eng_Latn,ita_Latn,Latin,Latin,1284,8339,15.39752968,9521,19993,47.62166758
clustering,eng_Latn,por_Latn,Latin,Latin,1238,8287,14.93906118,8472,19993,42.37483119
clustering,eng_Latn,ron_Latn,Latin,Latin,1323,7972,16.59558455,8731,19993,43.67028460
clustering,eng_Latn,ind_Latn,Latin,Latin,1302,8315,15.65844859,8638,19993,43.20512179
clustering,eng_Latn,zsm_Latn,Latin,Latin,1324,8186,16.17395553,8860,19993,44.31551043
clustering,eng_Latn,tgl_Latn,Latin,Latin,1187,7164,16.56895589,9287,19993,46.45125794
clustering,eng_Latn,pol_Latn,Latin,Latin,1072,8767,12.22767195,8135,19993,40.68924123
clustering,eng_Latn,hun_Latn,Latin,Latin,969,8673,11.17260464,7976,19993,39.89396289
clustering,eng_Latn,tur_Latn,Latin,Latin,1111,8746,12.70294992,8667,19993,43.35017256
clustering,eng_Latn,vie_Latn,Latin,Latin,850,6821,12.46151591,6587,19993,32.94653129
clustering,eng_Latn,arb_Arab,Latin,Arabic,142,8624,1.64656772,2267,19993,11.33896864
clustering,eng_Latn,hin_Deva,Latin,Devanagari,162,7574,2.13889622,2174,19993,10.87380583
clustering,eng_Latn,guj_Gujr,Latin,Gujarati,149,6660,2.23723724,2269,19993,11.34897214
clustering,eng_Latn,rus_Cyrl,Latin,Cyrillic,257,10001,2.56974303,4826,19993,24.13844846
clustering,eng_Latn,tha_Thai,Latin,Thai,431,7725,5.57928803,5565,19993,27.83474216
clustering,eng_Latn,zho_Hans,Latin,Han,415,9096,4.56244503,5319,19993,26.60431151
clustering,eng_Latn,jpn_Jpan,Latin,Japanese,130,8605,1.51074956,2696,19993,13.48471965
clustering,eng_Latn,kor_Hang,Latin,Hangul,364,7887,4.61518955,5042,19993,25.21882659
clustering,deu_Latn,eng_Latn,Latin,Latin,1160,8590,13.50407451,7886,19994,39.44183255
clustering,deu_Latn,deu_Latn,Latin,Latin,4945,4945,100.00000000,19994,19994,100.00000000
clustering,deu_Latn,nld_Latn,Latin,Latin,1278,8147,15.68675586,8581,19994,42.91787536
clustering,deu_Latn,swe_Latn,Latin,Latin,1290,8407,15.34435589,7840,19994,39.21176353
clustering,deu_Latn,spa_Latn,Latin,Latin,846,8783,9.63224411,7372,19994,36.87106132
clustering,deu_Latn,fra_Latn,Latin,Latin,911,8264,11.02371733,6501,19994,32.51475443
clustering,deu_Latn,ita_Latn,Latin,Latin,929,8834,10.51618746,7095,19994,35.48564569
clustering,deu_Latn,por_Latn,Latin,Latin,942,8723,10.79903703,7197,19994,35.99579874
clustering,deu_Latn,ron_Latn,Latin,Latin,955,8480,11.26179245,7181,19994,35.91577473
clustering,deu_Latn,ind_Latn,Latin,Latin,1102,8655,12.73252455,7250,19994,36.26087826
clustering,deu_Latn,zsm_Latn,Latin,Latin,1070,8580,12.47086247,7249,19994,36.25587676
clustering,deu_Latn,tgl_Latn,Latin,Latin,888,7603,11.67960016,6649,19994,33.25497649
clustering,deu_Latn,pol_Latn,Latin,Latin,1001,8978,11.14947650,7032,19994,35.17055117
clustering,deu_Latn,hun_Latn,Latin,Latin,911,8871,10.26941720,7336,19994,36.69100730
clustering,deu_Latn,tur_Latn,Latin,Latin,1078,8919,12.08655679,7459,19994,37.30619186
clustering,deu_Latn,vie_Latn,Latin,Latin,719,7092,10.13818387,5643,19994,28.22346704
clustering,deu_Latn,arb_Arab,Latin,Arabic,136,8770,1.55074116,2553,19994,12.76883065
clustering,deu_Latn,hin_Deva,Latin,Devanagari,141,7735,1.82288300,2467,19994,12.33870161
clustering,deu_Latn,guj_Gujr,Latin,Gujarati,142,6807,2.08608785,2491,19994,12.45873762
clustering,deu_Latn,rus_Cyrl,Latin,Cyrillic,261,10137,2.57472625,3629,19994,18.15044513
clustering,deu_Latn,tha_Thai,Latin,Thai,374,7922,4.72103004,4049,19994,20.25107532
clustering,deu_Latn,zho_Hans,Latin,Han,382,9269,4.12126443,3935,19994,19.68090427
clustering,deu_Latn,jpn_Jpan,Latin,Japanese,134,8741,1.53300538,2638,19994,13.19395819
clustering,deu_Latn,kor_Hang,Latin,Hangul,323,8068,4.00347050,4393,19994,21.97159148
clustering,nld_Latn,eng_Latn,Latin,Latin,1422,7863,18.08470050,9126,20000,45.63000000
clustering,nld_Latn,deu_Latn,Latin,Latin,1278,8147,15.68675586,9070,20000,45.35000000
clustering,nld_Latn,nld_Latn,Latin,Latin,4480,4480,100.00000000,20000,20000,100.00000000
clustering,nld_Latn,swe_Latn,Latin,Latin,1273,7959,15.99447167,9228,20000,46.14000000
clustering,nld_Latn,spa_Latn,Latin,Latin,973,8191,11.87889147,7719,20000,38.59500000
clustering,nld_Latn,fra_Latn,Latin,Latin,1029,7681,13.39669314,7903,20000,39.51500000
clustering,nld_Latn,ita_Latn,Latin,Latin,1075,8223,13.07308768,8467,20000,42.33500000
clustering,nld_Latn,por_Latn,Latin,Latin,1038,8162,12.71747121,7677,20000,38.38500000
clustering,nld_Latn,ron_Latn,Latin,Latin,1094,7876,13.89029964,8010,20000,40.05000000
clustering,nld_Latn,ind_Latn,Latin,Latin,1180,8112,14.54635108,7861,20000,39.30500000
clustering,nld_Latn,zsm_Latn,Latin,Latin,1102,8083,13.63355190,7908,20000,39.54000000
clustering,nld_Latn,tgl_Latn,Latin,Latin,950,7076,13.42566422,7650,20000,38.25000000
clustering,nld_Latn,pol_Latn,Latin,Latin,1047,8467,12.36565490,7984,20000,39.92000000
clustering,nld_Latn,hun_Latn,Latin,Latin,967,8350,11.58083832,8871,20000,44.35500000
clustering,nld_Latn,tur_Latn,Latin,Latin,1065,8467,12.57824495,8146,20000,40.73000000
clustering,nld_Latn,vie_Latn,Latin,Latin,729,6617,11.01707723,5858,20000,29.29000000
clustering,nld_Latn,arb_Arab,Latin,Arabic,120,8321,1.44213436,2010,20000,10.05000000
clustering,nld_Latn,hin_Deva,Latin,Devanagari,138,7273,1.89742885,2074,20000,10.37000000
clustering,nld_Latn,guj_Gujr,Latin,Gujarati,128,6356,2.01384519,1998,20000,9.99000000
clustering,nld_Latn,rus_Cyrl,Latin,Cyrillic,248,9685,2.56066082,3108,20000,15.54000000
clustering,nld_Latn,tha_Thai,Latin,Thai,339,7492,4.52482648,4470,20000,22.35000000
clustering,nld_Latn,zho_Hans,Latin,Han,362,8824,4.10244787,3625,20000,18.12500000
clustering,nld_Latn,jpn_Jpan,Latin,Japanese,121,8289,1.45976595,2133,20000,10.66500000
clustering,nld_Latn,kor_Hang,Latin,Hangul,307,7619,4.02940018,4707,20000,23.53500000
clustering,swe_Latn,eng_Latn,Latin,Latin,1358,8199,16.56299549,8395,19998,41.97919792
clustering,swe_Latn,deu_Latn,Latin,Latin,1290,8407,15.34435589,7580,19998,37.90379038
clustering,swe_Latn,nld_Latn,Latin,Latin,1273,7959,15.99447167,8053,19998,40.26902690
clustering,swe_Latn,swe_Latn,Latin,Latin,4752,4752,100.00000000,19998,19998,100.00000000
clustering,swe_Latn,spa_Latn,Latin,Latin,993,8443,11.76122231,8137,19998,40.68906891
clustering,swe_Latn,fra_Latn,Latin,Latin,1013,7969,12.71175806,7625,19998,38.12881288
clustering,swe_Latn,ita_Latn,Latin,Latin,1062,8508,12.48236953,8201,19998,41.00910091
clustering,swe_Latn,por_Latn,Latin,Latin,1053,8419,12.50742368,7572,19998,37.86378638
clustering,swe_Latn,ron_Latn,Latin,Latin,1097,8145,13.46838551,8405,19998,42.02920292
clustering,swe_Latn,ind_Latn,Latin,Latin,1247,8317,14.99338704,8154,19998,40.77407741
clustering,swe_Latn,zsm_Latn,Latin,Latin,1207,8250,14.63030303,7746,19998,38.73387339
clustering,swe_Latn,tgl_Latn,Latin,Latin,1003,7295,13.74914325,7717,19998,38.58885889
clustering,swe_Latn,pol_Latn,Latin,Latin,1065,8721,12.21190230,7624,19998,38.12381238
clustering,swe_Latn,hun_Latn,Latin,Latin,1036,8553,12.11270899,7404,19998,37.02370237
clustering,swe_Latn,tur_Latn,Latin,Latin,1166,8638,13.49849502,8508,19998,42.54425443
clustering,swe_Latn,vie_Latn,Latin,Latin,761,6857,11.09814788,5452,19998,27.26272627
clustering,swe_Latn,arb_Arab,Latin,Arabic,134,8579,1.56195361,2512,19998,12.56125613
clustering,swe_Latn,hin_Deva,Latin,Devanagari,139,7544,1.84252386,2168,19998,10.84108411
clustering,swe_Latn,guj_Gujr,Latin,Gujarati,126,6630,1.90045249,2183,19998,10.91609161
clustering,swe_Latn,rus_Cyrl,Latin,Cyrillic,260,9945,2.61437908,3594,19998,17.97179718
clustering,swe_Latn,tha_Thai,Latin,Thai,404,7699,5.24743473,3985,19998,19.92699270
clustering,swe_Latn,zho_Hans,Latin,Han,382,9076,4.20890260,4085,19998,20.42704270
clustering,swe_Latn,jpn_Jpan,Latin,Japanese,115,8567,1.34236022,2511,19998,12.55625563
clustering,swe_Latn,kor_Hang,Latin,Hangul,310,7888,3.93002028,4209,19998,21.04710471
clustering,spa_Latn,eng_Latn,Latin,Latin,1176,8313,14.14651750,9561,20000,47.80500000
clustering,spa_Latn,deu_Latn,Latin,Latin,846,8783,9.63224411,8061,20000,40.30500000
clustering,spa_Latn,nld_Latn,Latin,Latin,973,8191,11.87889147,8819,20000,44.09500000
clustering,spa_Latn,swe_Latn,Latin,Latin,993,8443,11.76122231,9382,20000,46.91000000
clustering,spa_Latn,spa_Latn,Latin,Latin,4684,4684,100.00000000,20000,20000,100.00000000
clustering,spa_Latn,fra_Latn,Latin,Latin,1022,7892,12.94982261,10095,20000,50.47500000
clustering,spa_Latn,ita_Latn,Latin,Latin,1355,8147,16.63188904,11003,20000,55.01500000
clustering,spa_Latn,por_Latn,Latin,Latin,1907,7497,25.43684140,12754,20000,63.77000000
clustering,spa_Latn,ron_Latn,Latin,Latin,1241,7933,15.64351443,10359,20000,51.79500000
clustering,spa_Latn,ind_Latn,Latin,Latin,1041,8455,12.31224128,8881,20000,44.40500000
clustering,spa_Latn,zsm_Latn,Latin,Latin,1034,8355,12.37582286,9214,20000,46.07000000
clustering,spa_Latn,tgl_Latn,Latin,Latin,958,7272,13.17381738,9929,20000,49.64500000
clustering,spa_Latn,pol_Latn,Latin,Latin,943,8775,10.74643875,8542,20000,42.71000000
clustering,spa_Latn,hun_Latn,Latin,Latin,901,8620,10.45243619,9316,20000,46.58000000
clustering,spa_Latn,tur_Latn,Latin,Latin,934,8802,10.61122472,9186,20000,45.93000000
clustering,spa_Latn,vie_Latn,Latin,Latin,661,6889,9.59500653,6671,20000,33.35500000
clustering,spa_Latn,arb_Arab,Latin,Arabic,118,8527,1.38383957,2088,20000,10.44000000
clustering,spa_Latn,hin_Deva,Latin,Devanagari,126,7489,1.68246762,2047,20000,10.23500000
clustering,spa_Latn,guj_Gujr,Latin,Gujarati,119,6569,1.81153905,2024,20000,10.12000000
clustering,spa_Latn,rus_Cyrl,Latin,Cyrillic,223,9914,2.24934436,3468,20000,17.34000000
clustering,spa_Latn,tha_Thai,Latin,Thai,341,7694,4.43202495,4870,20000,24.35000000
clustering,spa_Latn,zho_Hans,Latin,Han,332,9058,3.66526827,3749,20000,18.74500000
clustering,spa_Latn,jpn_Jpan,Latin,Japanese,109,8505,1.28159906,2547,20000,12.73500000
clustering,spa_Latn,kor_Hang,Latin,Hangul,279,7851,3.55368743,4387,20000,21.93500000
clustering,fra_Latn,eng_Latn,Latin,Latin,1365,7670,17.79661017,10471,19999,52.35761788
clustering,fra_Latn,deu_Latn,Latin,Latin,911,8264,11.02371733,8236,19999,41.18205910
clustering,fra_Latn,nld_Latn,Latin,Latin,1029,7681,13.39669314,8838,19999,44.19220961
clustering,fra_Latn,swe_Latn,Latin,Latin,1013,7969,12.71175806,9298,19999,46.49232462
clustering,fra_Latn,spa_Latn,Latin,Latin,1022,7892,12.94982261,10027,19999,50.13750688
clustering,fra_Latn,fra_Latn,Latin,Latin,4230,4230,100.00000000,19999,19999,100.00000000
clustering,fra_Latn,ita_Latn,Latin,Latin,1141,7907,14.43025168,9497,19999,47.48737437
clustering,fra_Latn,por_Latn,Latin,Latin,1045,7905,13.21948134,10341,19999,51.70758538
clustering,fra_Latn,ron_Latn,Latin,Latin,1096,7624,14.37565582,10105,19999,50.52752638
clustering,fra_Latn,ind_Latn,Latin,Latin,886,8156,10.86316822,7810,19999,39.05195260
clustering,fra_Latn,zsm_Latn,Latin,Latin,888,8047,11.03516839,8462,19999,42.31211561
clustering,fra_Latn,tgl_Latn,Latin,Latin,818,6958,11.75625180,8576,19999,42.88214411
clustering,fra_Latn,pol_Latn,Latin,Latin,839,8425,9.95845697,8521,19999,42.60713036
clustering,fra_Latn,hun_Latn,Latin,Latin,794,8273,9.59748580,8921,19999,44.60723036
clustering,fra_Latn,tur_Latn,Latin,Latin,883,8399,10.51315633,8657,19999,43.28716436
clustering,fra_Latn,vie_Latn,Latin,Latin,652,6444,10.11793917,7229,19999,36.14680734
clustering,fra_Latn,arb_Arab,Latin,Arabic,101,8090,1.24845488,1787,19999,8.93544677
clustering,fra_Latn,hin_Deva,Latin,Devanagari,104,7057,1.47371404,1952,19999,9.76048802
clustering,fra_Latn,guj_Gujr,Latin,Gujarati,89,6145,1.44833198,2233,19999,11.16555828
clustering,fra_Latn,rus_Cyrl,Latin,Cyrillic,192,9491,2.02296913,3573,19999,17.86589329
clustering,fra_Latn,tha_Thai,Latin,Thai,300,7281,4.12031314,5193,19999,25.96629831
clustering,fra_Latn,zho_Hans,Latin,Han,313,8623,3.62982721,3583,19999,17.91589579
clustering,fra_Latn,jpn_Jpan,Latin,Japanese,91,8069,1.12777296,2630,19999,13.15065753
clustering,fra_Latn,kor_Hang,Latin,Hangul,241,7435,3.24142569,4646,19999,23.23116156
clustering,ita_Latn,eng_Latn,Latin,Latin,1284,8339,15.39752968,9744,19992,48.73949580
clustering,ita_Latn,deu_Latn,Latin,Latin,929,8834,10.51618746,7394,19992,36.98479392
clustering,ita_Latn,nld_Latn,Latin,Latin,1075,8223,13.07308768,9039,19992,45.21308523
clustering,ita_Latn,swe_Latn,Latin,Latin,1062,8508,12.48236953,8748,19992,43.75750300
clustering,ita_Latn,spa_Latn,Latin,Latin,1355,8147,16.63188904,10102,19992,50.53021208
clustering,ita_Latn,fra_Latn,Latin,Latin,1141,7907,14.43025168,9489,19992,47.46398559
clustering,ita_Latn,ita_Latn,Latin,Latin,4818,4818,100.00000000,19992,19992,100.00000000
clustering,ita_Latn,por_Latn,Latin,Latin,1422,8116,17.52094628,10648,19992,53.26130452
clustering,ita_Latn,ron_Latn,Latin,Latin,1375,7933,17.33266104,10366,19992,51.85074030
clustering,ita_Latn,ind_Latn,Latin,Latin,1057,8573,12.32940628,8098,19992,40.50620248
clustering,ita_Latn,zsm_Latn,Latin,Latin,1008,8515,11.83793306,7964,19992,39.83593437
clustering,ita_Latn,tgl_Latn,Latin,Latin,947,7417,12.76796548,8999,19992,45.01300520
clustering,ita_Latn,pol_Latn,Latin,Latin,951,8901,10.68419279,8027,19992,40.15106042
clustering,ita_Latn,hun_Latn,Latin,Latin,882,8773,10.05357346,8579,19992,42.91216487
clustering,ita_Latn,tur_Latn,Latin,Latin,963,8907,10.81172112,8395,19992,41.99179672
clustering,ita_Latn,vie_Latn,Latin,Latin,679,7005,9.69307637,6487,19992,32.44797919
clustering,ita_Latn,arb_Arab,Latin,Arabic,110,8669,1.26888915,1901,19992,9.50880352
clustering,ita_Latn,hin_Deva,Latin,Devanagari,118,7631,1.54632420,2064,19992,10.32412965
clustering,ita_Latn,guj_Gujr,Latin,Gujarati,128,6694,1.91216014,2155,19992,10.77931172
clustering,ita_Latn,rus_Cyrl,Latin,Cyrillic,211,10060,2.09741551,2797,19992,13.99059624
clustering,ita_Latn,tha_Thai,Latin,Thai,339,7830,4.32950192,3844,19992,19.22769108
clustering,ita_Latn,zho_Hans,Latin,Han,329,9195,3.57803154,3285,19992,16.43157263
clustering,ita_Latn,jpn_Jpan,Latin,Japanese,118,8630,1.36732329,1880,19992,9.40376150
clustering,ita_Latn,kor_Hang,Latin,Hangul,278,7986,3.48109191,3713,19992,18.57242897
clustering,por_Latn,eng_Latn,Latin,Latin,1238,8287,14.93906118,9200,19999,46.00230012
clustering,por_Latn,deu_Latn,Latin,Latin,942,8723,10.79903703,7536,19999,37.68188409
clustering,por_Latn,nld_Latn,Latin,Latin,1038,8162,12.71747121,8275,19999,41.37706885
clustering,por_Latn,swe_Latn,Latin,Latin,1053,8419,12.50742368,8556,19999,42.78213911
clustering,por_Latn,spa_Latn,Latin,Latin,1907,7497,25.43684140,12292,19999,61.46307315
clustering,por_Latn,fra_Latn,Latin,Latin,1045,7905,13.21948134,9563,19999,47.81739087
clustering,por_Latn,ita_Latn,Latin,Latin,1422,8116,17.52094628,10884,19999,54.42272114
clustering,por_Latn,por_Latn,Latin,Latin,4720,4720,100.00000000,19999,19999,100.00000000
clustering,por_Latn,ron_Latn,Latin,Latin,1290,7920,16.28787879,9853,19999,49.26746337
clustering,por_Latn,ind_Latn,Latin,Latin,1088,8444,12.88488868,8698,19999,43.49217461
clustering,por_Latn,zsm_Latn,Latin,Latin,1092,8333,13.10452418,8654,19999,43.27216361
clustering,por_Latn,tgl_Latn,Latin,Latin,983,7283,13.49718523,9157,19999,45.78728936
clustering,por_Latn,pol_Latn,Latin,Latin,965,8789,10.97963363,8717,19999,43.58717936
clustering,por_Latn,hun_Latn,Latin,Latin,949,8608,11.02462825,8572,19999,42.86214311
clustering,por_Latn,tur_Latn,Latin,Latin,1053,8719,12.07707306,8695,19999,43.47717386
clustering,por_Latn,vie_Latn,Latin,Latin,767,6819,11.24798358,6456,19999,32.28161408
clustering,por_Latn,arb_Arab,Latin,Arabic,130,8551,1.52029002,2174,19999,10.87054353
clustering,por_Latn,hin_Deva,Latin,Devanagari,135,7516,1.79616817,2189,19999,10.94554728
clustering,por_Latn,guj_Gujr,Latin,Gujarati,132,6592,2.00242718,2114,19999,10.57052853
clustering,por_Latn,rus_Cyrl,Latin,Cyrillic,268,9905,2.70570419,3213,19999,16.06580329
clustering,por_Latn,tha_Thai,Latin,Thai,374,7697,4.85903599,4830,19999,24.15120756
clustering,por_Latn,zho_Hans,Latin,Han,367,9059,4.05121978,4136,19999,20.68103405
clustering,por_Latn,jpn_Jpan,Latin,Japanese,111,8539,1.29991802,2672,19999,13.36066803
clustering,por_Latn,kor_Hang,Latin,Hangul,312,7854,3.97249809,4443,19999,22.21611081
clustering,ron_Latn,eng_Latn,Latin,Latin,1323,7972,16.59558455,8546,20000,42.73000000
clustering,ron_Latn,deu_Latn,Latin,Latin,955,8480,11.26179245,7150,20000,35.75000000
clustering,ron_Latn,nld_Latn,Latin,Latin,1094,7876,13.89029964,7849,20000,39.24500000
clustering,ron_Latn,swe_Latn,Latin,Latin,1097,8145,13.46838551,7856,20000,39.28000000
clustering,ron_Latn,spa_Latn,Latin,Latin,1241,7933,15.64351443,8659,20000,43.29500000
clustering,ron_Latn,fra_Latn,Latin,Latin,1096,7624,14.37565582,8388,20000,41.94000000
clustering,ron_Latn,ita_Latn,Latin,Latin,1375,7933,17.33266104,9217,20000,46.08500000
clustering,ron_Latn,por_Latn,Latin,Latin,1290,7920,16.28787879,8580,20000,42.90000000
clustering,ron_Latn,ron_Latn,Latin,Latin,4490,4490,100.00000000,20000,20000,100.00000000
clustering,ron_Latn,ind_Latn,Latin,Latin,1144,8158,14.02304486,7867,20000,39.33500000
clustering,ron_Latn,zsm_Latn,Latin,Latin,1110,8085,13.72912801,7815,20000,39.07500000
clustering,ron_Latn,tgl_Latn,Latin,Latin,921,7115,12.94448349,7537,20000,37.68500000
clustering,ron_Latn,pol_Latn,Latin,Latin,1064,8460,12.57683215,8059,20000,40.29500000
clustering,ron_Latn,hun_Latn,Latin,Latin,904,8423,10.73251811,7714,20000,38.57000000
clustering,ron_Latn,tur_Latn,Latin,Latin,1075,8467,12.69635054,7596,20000,37.98000000
clustering,ron_Latn,vie_Latn,Latin,Latin,714,6642,10.74977416,5808,20000,29.04000000
clustering,ron_Latn,arb_Arab,Latin,Arabic,111,8340,1.33093525,2085,20000,10.42500000
clustering,ron_Latn,hin_Deva,Latin,Devanagari,127,7294,1.74115712,2375,20000,11.87500000
clustering,ron_Latn,guj_Gujr,Latin,Gujarati,116,6378,1.81875196,1898,20000,9.49000000
clustering,ron_Latn,rus_Cyrl,Latin,Cyrillic,220,9723,2.26267613,2446,20000,12.23000000
clustering,ron_Latn,tha_Thai,Latin,Thai,332,7509,4.42136103,4024,20000,20.12000000
clustering,ron_Latn,zho_Hans,Latin,Han,333,8863,3.75719282,3464,20000,17.32000000
clustering,ron_Latn,jpn_Jpan,Latin,Japanese,112,8308,1.34809822,2143,20000,10.71500000
clustering,ron_Latn,kor_Hang,Latin,Hangul,274,7662,3.57608979,4029,20000,20.14500000
clustering,ind_Latn,eng_Latn,Latin,Latin,1302,8315,15.65844859,6129,19994,30.65419626
clustering,ind_Latn,deu_Latn,Latin,Latin,1102,8655,12.73252455,5944,19994,29.72891868
clustering,ind_Latn,nld_Latn,Latin,Latin,1180,8112,14.54635108,6722,19994,33.62008603
clustering,ind_Latn,swe_Latn,Latin,Latin,1247,8317,14.99338704,6716,19994,33.59007702
clustering,ind_Latn,spa_Latn,Latin,Latin,1041,8455,12.31224128,6250,19994,31.25937781
clustering,ind_Latn,fra_Latn,Latin,Latin,886,8156,10.86316822,5362,19994,26.81804541
clustering,ind_Latn,ita_Latn,Latin,Latin,1057,8573,12.32940628,6285,19994,31.43443033
clustering,ind_Latn,por_Latn,Latin,Latin,1088,8444,12.88488868,6487,19994,32.44473342
clustering,ind_Latn,ron_Latn,Latin,Latin,1144,8158,14.02304486,6171,19994,30.86425928
clustering,ind_Latn,ind_Latn,Latin,Latin,4812,4812,100.00000000,19994,19994,100.00000000
clustering,ind_Latn,zsm_Latn,Latin,Latin,3027,6490,46.64098613,16513,19994,82.58977693
clustering,ind_Latn,tgl_Latn,Latin,Latin,1322,7036,18.78908471,7391,19994,36.96608983
clustering,ind_Latn,pol_Latn,Latin,Latin,1096,8750,12.52571429,5691,19994,28.46353906
clustering,ind_Latn,hun_Latn,Latin,Latin,1043,8606,12.11945155,6371,19994,31.86455937
clustering,ind_Latn,tur_Latn,Latin,Latin,1293,8571,15.08575429,7054,19994,35.28058418
clustering,ind_Latn,vie_Latn,Latin,Latin,782,6896,11.33990719,4813,19994,24.07222167
clustering,ind_Latn,arb_Arab,Latin,Arabic,132,8641,1.52760097,2353,19994,11.76853056
clustering,ind_Latn,hin_Deva,Latin,Devanagari,142,7601,1.86817524,2244,19994,11.22336701
clustering,ind_Latn,guj_Gujr,Latin,Gujarati,143,6673,2.14296418,2333,19994,11.66850055
clustering,ind_Latn,rus_Cyrl,Latin,Cyrillic,267,9998,2.67053411,2703,19994,13.51905572
clustering,ind_Latn,tha_Thai,Latin,Thai,408,7755,5.26112186,3155,19994,15.77973392
clustering,ind_Latn,zho_Hans,Latin,Han,400,9118,4.38692696,3462,19994,17.31519456
clustering,ind_Latn,jpn_Jpan,Latin,Japanese,125,8617,1.45062087,2243,19994,11.21836551
clustering,ind_Latn,kor_Hang,Latin,Hangul,315,7943,3.96575601,3118,19994,15.59467840
clustering,zsm_Latn,eng_Latn,Latin,Latin,1324,8186,16.17395553,6011,19988,30.07304383
clustering,zsm_Latn,deu_Latn,Latin,Latin,1070,8580,12.47086247,5539,19988,27.71162698
clustering,zsm_Latn,nld_Latn,Latin,Latin,1102,8083,13.63355190,6426,19988,32.14928957
clustering,zsm_Latn,swe_Latn,Latin,Latin,1207,8250,14.63030303,6455,19988,32.29437663
clustering,zsm_Latn,spa_Latn,Latin,Latin,1034,8355,12.37582286,6168,19988,30.85851511
clustering,zsm_Latn,fra_Latn,Latin,Latin,888,8047,11.03516839,5225,19988,26.14068441
clustering,zsm_Latn,ita_Latn,Latin,Latin,1008,8515,11.83793306,5946,19988,29.74784871
clustering,zsm_Latn,por_Latn,Latin,Latin,1092,8333,13.10452418,6187,19988,30.95357214
clustering,zsm_Latn,ron_Latn,Latin,Latin,1110,8085,13.72912801,5911,19988,29.57274365
clustering,zsm_Latn,ind_Latn,Latin,Latin,3027,6490,46.64098613,16528,19988,82.68961377
clustering,zsm_Latn,zsm_Latn,Latin,Latin,4705,4705,100.00000000,19988,19988,100.00000000
clustering,zsm_Latn,tgl_Latn,Latin,Latin,1285,6966,18.44674131,6934,19988,34.69081449
clustering,zsm_Latn,pol_Latn,Latin,Latin,1057,8682,12.17461414,5538,19988,27.70662397
clustering,zsm_Latn,hun_Latn,Latin,Latin,1065,8477,12.56340687,6076,19988,30.39823894
clustering,zsm_Latn,tur_Latn,Latin,Latin,1285,8472,15.16761095,6703,19988,33.53512107
clustering,zsm_Latn,vie_Latn,Latin,Latin,843,6728,12.52972652,4749,19988,23.75925555
clustering,zsm_Latn,arb_Arab,Latin,Arabic,137,8529,1.60628444,2169,19988,10.85151091
clustering,zsm_Latn,hin_Deva,Latin,Devanagari,160,7476,2.14018192,2229,19988,11.15169101
clustering,zsm_Latn,guj_Gujr,Latin,Gujarati,142,6567,2.16232679,2127,19988,10.64138483
clustering,zsm_Latn,rus_Cyrl,Latin,Cyrillic,271,9887,2.74097299,2511,19988,12.56253752
clustering,zsm_Latn,tha_Thai,Latin,Thai,427,7629,5.59706384,3095,19988,15.48429057
clustering,zsm_Latn,zho_Hans,Latin,Han,399,9012,4.42743009,3383,19988,16.92515509
clustering,zsm_Latn,jpn_Jpan,Latin,Japanese,123,8512,1.44501880,2137,19988,10.69141485
clustering,zsm_Latn,kor_Hang,Latin,Hangul,337,7814,4.31277195,2963,19988,14.82389434
clustering,tgl_Latn,eng_Latn,Latin,Latin,1187,7164,16.56895589,8349,19991,41.76379371
clustering,tgl_Latn,deu_Latn,Latin,Latin,888,7603,11.67960016,8231,19991,41.17352809
clustering,tgl_Latn,nld_Latn,Latin,Latin,950,7076,13.42566422,8115,19991,40.59326697
clustering,tgl_Latn,swe_Latn,Latin,Latin,1003,7295,13.74914325,8314,19991,41.58871492
clustering,tgl_Latn,spa_Latn,Latin,Latin,958,7272,13.17381738,9772,19991,48.88199690
clustering,tgl_Latn,fra_Latn,Latin,Latin,818,6958,11.75625180,7764,19991,38.83747686
clustering,tgl_Latn,ita_Latn,Latin,Latin,947,7417,12.76796548,7791,19991,38.97253764
clustering,tgl_Latn,por_Latn,Latin,Latin,983,7283,13.49718523,8199,19991,41.01345606
clustering,tgl_Latn,ron_Latn,Latin,Latin,921,7115,12.94448349,8648,19991,43.25946676
clustering,tgl_Latn,ind_Latn,Latin,Latin,1322,7036,18.78908471,10396,19991,52.00340153
clustering,tgl_Latn,zsm_Latn,Latin,Latin,1285,6966,18.44674131,8896,19991,44.50002501
clustering,tgl_Latn,tgl_Latn,Latin,Latin,3546,3546,100.00000000,19991,19991,100.00000000
clustering,tgl_Latn,pol_Latn,Latin,Latin,923,7657,12.05432937,8580,19991,42.91931369
clustering,tgl_Latn,hun_Latn,Latin,Latin,875,7508,11.65423548,7205,19991,36.04121855
clustering,tgl_Latn,tur_Latn,Latin,Latin,1084,7514,14.42640405,9321,19991,46.62598169
clustering,tgl_Latn,vie_Latn,Latin,Latin,686,5726,11.98044010,7426,19991,37.14671602
clustering,tgl_Latn,arb_Arab,Latin,Arabic,120,7387,1.62447543,1840,19991,9.20414186
clustering,tgl_Latn,hin_Deva,Latin,Devanagari,131,6346,2.06429247,1769,19991,8.84898204
clustering,tgl_Latn,guj_Gujr,Latin,Gujarati,129,5421,2.37963475,1647,19991,8.23870742
clustering,tgl_Latn,rus_Cyrl,Latin,Cyrillic,204,8795,2.31949972,2260,19991,11.30508729
clustering,tgl_Latn,tha_Thai,Latin,Thai,315,6582,4.78577940,3205,19991,16.03221450
clustering,tgl_Latn,zho_Hans,Latin,Han,322,7930,4.06052963,3379,19991,16.90260617
clustering,tgl_Latn,jpn_Jpan,Latin,Japanese,108,7368,1.46579805,1826,19991,9.13411035
clustering,tgl_Latn,kor_Hang,Latin,Hangul,267,6725,3.97026022,2892,19991,14.46650993
clustering,pol_Latn,eng_Latn,Latin,Latin,1072,8767,12.22767195,7563,19991,37.83202441
clustering,pol_Latn,deu_Latn,Latin,Latin,1001,8978,11.14947650,6781,19991,33.92026412
clustering,pol_Latn,nld_Latn,Latin,Latin,1047,8467,12.36565490,8209,19991,41.06347857
clustering,pol_Latn,swe_Latn,Latin,Latin,1065,8721,12.21190230,6978,19991,34.90570757
clustering,pol_Latn,spa_Latn,Latin,Latin,943,8775,10.74643875,6755,19991,33.79020559
clustering,pol_Latn,fra_Latn,Latin,Latin,839,8425,9.95845697,6307,19991,31.54919714
clustering,pol_Latn,ita_Latn,Latin,Latin,951,8901,10.68419279,7022,19991,35.12580661
clustering,pol_Latn,por_Latn,Latin,Latin,965,8789,10.97963363,6858,19991,34.30543745
clustering,pol_Latn,ron_Latn,Latin,Latin,1064,8460,12.57683215,7500,19991,37.51688260
clustering,pol_Latn,ind_Latn,Latin,Latin,1096,8750,12.52571429,7023,19991,35.13080886
clustering,pol_Latn,zsm_Latn,Latin,Latin,1057,8682,12.17461414,7112,19991,35.57600920
clustering,pol_Latn,tgl_Latn,Latin,Latin,923,7657,12.05432937,6745,19991,33.74018308
clustering,pol_Latn,pol_Latn,Latin,Latin,5034,5034,100.00000000,19991,19991,100.00000000
clustering,pol_Latn,hun_Latn,Latin,Latin,952,8919,10.67384236,7626,19991,38.14716622
clustering,pol_Latn,tur_Latn,Latin,Latin,1068,9018,11.84298071,7568,19991,37.85703567
clustering,pol_Latn,vie_Latn,Latin,Latin,663,7237,9.16125466,5588,19991,27.95257866
clustering,pol_Latn,arb_Arab,Latin,Arabic,112,8883,1.26083530,2139,19991,10.69981492
clustering,pol_Latn,hin_Deva,Latin,Devanagari,131,7834,1.67219811,2294,19991,11.47516382
clustering,pol_Latn,guj_Gujr,Latin,Gujarati,114,6924,1.64644714,1982,19991,9.91446151
clustering,pol_Latn,rus_Cyrl,Latin,Cyrillic,245,10242,2.39211092,2659,19991,13.30098544
clustering,pol_Latn,tha_Thai,Latin,Thai,347,8038,4.31699428,3877,19991,19.39372718
clustering,pol_Latn,zho_Hans,Latin,Han,332,9408,3.52891156,4003,19991,20.02401080
clustering,pol_Latn,jpn_Jpan,Latin,Japanese,108,8856,1.21951220,2222,19991,11.11500175
clustering,pol_Latn,kor_Hang,Latin,Hangul,277,8203,3.37681336,3642,19991,18.21819819
clustering,hun_Latn,eng_Latn,Latin,Latin,969,8673,11.17260464,7151,20000,35.75500000
clustering,hun_Latn,deu_Latn,Latin,Latin,911,8871,10.26941720,7112,20000,35.56000000
clustering,hun_Latn,nld_Latn,Latin,Latin,967,8350,11.58083832,7444,20000,37.22000000
clustering,hun_Latn,swe_Latn,Latin,Latin,1036,8553,12.11270899,7541,20000,37.70500000
clustering,hun_Latn,spa_Latn,Latin,Latin,901,8620,10.45243619,7503,20000,37.51500000
clustering,hun_Latn,fra_Latn,Latin,Latin,794,8273,9.59748580,6828,20000,34.14000000
clustering,hun_Latn,ita_Latn,Latin,Latin,882,8773,10.05357346,7119,20000,35.59500000
clustering,hun_Latn,por_Latn,Latin,Latin,949,8608,11.02462825,7225,20000,36.12500000
clustering,hun_Latn,ron_Latn,Latin,Latin,904,8423,10.73251811,7562,20000,37.81000000
clustering,hun_Latn,ind_Latn,Latin,Latin,1043,8606,12.11945155,7286,20000,36.43000000
clustering,hun_Latn,zsm_Latn,Latin,Latin,1065,8477,12.56340687,7627,20000,38.13500000
clustering,hun_Latn,tgl_Latn,Latin,Latin,875,7508,11.65423548,7311,20000,36.55500000
clustering,hun_Latn,pol_Latn,Latin,Latin,952,8919,10.67384236,7684,20000,38.42000000
clustering,hun_Latn,hun_Latn,Latin,Latin,4837,4837,100.00000000,20000,20000,100.00000000
clustering,hun_Latn,tur_Latn,Latin,Latin,1057,8832,11.96784420,8139,20000,40.69500000
clustering,hun_Latn,vie_Latn,Latin,Latin,684,7019,9.74497792,5392,20000,26.96000000
clustering,hun_Latn,arb_Arab,Latin,Arabic,122,8676,1.40617796,2673,20000,13.36500000
clustering,hun_Latn,hin_Deva,Latin,Devanagari,133,7635,1.74197773,2660,20000,13.30000000
clustering,hun_Latn,guj_Gujr,Latin,Gujarati,133,6708,1.98270722,2600,20000,13.00000000
clustering,hun_Latn,rus_Cyrl,Latin,Cyrillic,256,10034,2.55132549,3160,20000,15.80000000
clustering,hun_Latn,tha_Thai,Latin,Thai,377,7811,4.82652669,3845,20000,19.22500000
clustering,hun_Latn,zho_Hans,Latin,Han,355,9188,3.86373531,4154,20000,20.77000000
clustering,hun_Latn,jpn_Jpan,Latin,Japanese,115,8652,1.32917245,2766,20000,13.83000000
clustering,hun_Latn,kor_Hang,Latin,Hangul,302,7981,3.78398697,4104,20000,20.52000000
clustering,tur_Latn,eng_Latn,Latin,Latin,1111,8746,12.70294992,7192,19994,35.97079124
clustering,tur_Latn,deu_Latn,Latin,Latin,1078,8919,12.08655679,6555,19994,32.78483545
clustering,tur_Latn,nld_Latn,Latin,Latin,1065,8467,12.57824495,6642,19994,33.21996599
clustering,tur_Latn,swe_Latn,Latin,Latin,1166,8638,13.49849502,7232,19994,36.17085126
clustering,tur_Latn,spa_Latn,Latin,Latin,934,8802,10.61122472,6829,19994,34.15524657
clustering,tur_Latn,fra_Latn,Latin,Latin,883,8399,10.51315633,6650,19994,33.25997799
clustering,tur_Latn,ita_Latn,Latin,Latin,963,8907,10.81172112,6951,19994,34.76542963
clustering,tur_Latn,por_Latn,Latin,Latin,1053,8719,12.07707306,6689,19994,33.45503651
clustering,tur_Latn,ron_Latn,Latin,Latin,1075,8467,12.69635054,6964,19994,34.83044913
clustering,tur_Latn,ind_Latn,Latin,Latin,1293,8571,15.08575429,7763,19994,38.82664799
clustering,tur_Latn,zsm_Latn,Latin,Latin,1285,8472,15.16761095,7857,19994,39.29678904
clustering,tur_Latn,tgl_Latn,Latin,Latin,1084,7514,14.42640405,7497,19994,37.49624887
clustering,tur_Latn,pol_Latn,Latin,Latin,1068,9018,11.84298071,6630,19994,33.15994798
clustering,tur_Latn,hun_Latn,Latin,Latin,1057,8832,11.96784420,7411,19994,37.06611984
clustering,tur_Latn,tur_Latn,Latin,Latin,5052,5052,100.00000000,19994,19994,100.00000000
clustering,tur_Latn,vie_Latn,Latin,Latin,788,7130,11.05189341,5221,19994,26.11283385
clustering,tur_Latn,arb_Arab,Latin,Arabic,142,8871,1.60072145,2156,19994,10.78323497
clustering,tur_Latn,hin_Deva,Latin,Devanagari,159,7824,2.03220859,2036,19994,10.18305492
clustering,tur_Latn,guj_Gujr,Latin,Gujarati,151,6905,2.18682114,2370,19994,11.85355607
clustering,tur_Latn,rus_Cyrl,Latin,Cyrillic,272,10233,2.65806704,2958,19994,14.79443833
clustering,tur_Latn,tha_Thai,Latin,Thai,400,8003,4.99812570,3769,19994,18.85065520
clustering,tur_Latn,zho_Hans,Latin,Han,384,9374,4.09643695,3510,19994,17.55526658
clustering,tur_Latn,jpn_Jpan,Latin,Japanese,125,8857,1.41131309,2042,19994,10.21306392
clustering,tur_Latn,kor_Hang,Latin,Hangul,335,8163,4.10388338,3725,19994,18.63058918
clustering,vie_Latn,eng_Latn,Latin,Latin,850,6821,12.46151591,3669,20000,18.34500000
clustering,vie_Latn,deu_Latn,Latin,Latin,719,7092,10.13818387,3400,20000,17.00000000
clustering,vie_Latn,nld_Latn,Latin,Latin,729,6617,11.01707723,3445,20000,17.22500000
clustering,vie_Latn,swe_Latn,Latin,Latin,761,6857,11.09814788,3442,20000,17.21000000
clustering,vie_Latn,spa_Latn,Latin,Latin,661,6889,9.59500653,3384,20000,16.92000000
clustering,vie_Latn,fra_Latn,Latin,Latin,652,6444,10.11793917,3517,20000,17.58500000
clustering,vie_Latn,ita_Latn,Latin,Latin,679,7005,9.69307637,3503,20000,17.51500000
clustering,vie_Latn,por_Latn,Latin,Latin,767,6819,11.24798358,3928,20000,19.64000000
clustering,vie_Latn,ron_Latn,Latin,Latin,714,6642,10.74977416,3523,20000,17.61500000
clustering,vie_Latn,ind_Latn,Latin,Latin,782,6896,11.33990719,3416,20000,17.08000000
clustering,vie_Latn,zsm_Latn,Latin,Latin,843,6728,12.52972652,3537,20000,17.68500000
clustering,vie_Latn,tgl_Latn,Latin,Latin,686,5726,11.98044010,3363,20000,16.81500000
clustering,vie_Latn,pol_Latn,Latin,Latin,663,7237,9.16125466,3608,20000,18.04000000
clustering,vie_Latn,hun_Latn,Latin,Latin,684,7019,9.74497792,3312,20000,16.56000000
clustering,vie_Latn,tur_Latn,Latin,Latin,788,7130,11.05189341,3477,20000,17.38500000
clustering,vie_Latn,vie_Latn,Latin,Latin,2866,2866,100.00000000,20000,20000,100.00000000
clustering,vie_Latn,arb_Arab,Latin,Arabic,121,6706,1.80435431,1679,20000,8.39500000
clustering,vie_Latn,hin_Deva,Latin,Devanagari,138,5659,2.43859339,1669,20000,8.34500000
clustering,vie_Latn,guj_Gujr,Latin,Gujarati,136,4734,2.87283481,1688,20000,8.44000000
clustering,vie_Latn,rus_Cyrl,Latin,Cyrillic,228,8091,2.81794587,1927,20000,9.63500000
clustering,vie_Latn,tha_Thai,Latin,Thai,315,5902,5.33717384,2344,20000,11.72000000
clustering,vie_Latn,zho_Hans,Latin,Han,316,7256,4.35501654,2326,20000,11.63000000
clustering,vie_Latn,jpn_Jpan,Latin,Japanese,112,6684,1.67564333,1675,20000,8.37500000
clustering,vie_Latn,kor_Hang,Latin,Hangul,276,6036,4.57256461,2311,20000,11.55500000
clustering,arb_Arab,eng_Latn,Arabic,Latin,142,8624,1.64656772,1443,19991,7.21824821
clustering,arb_Arab,deu_Latn,Arabic,Latin,136,8770,1.55074116,1437,19991,7.18823471
clustering,arb_Arab,nld_Latn,Arabic,Latin,120,8321,1.44213436,1283,19991,6.41788805
clustering,arb_Arab,swe_Latn,Arabic,Latin,134,8579,1.56195361,1432,19991,7.16322345
clustering,arb_Arab,spa_Latn,Arabic,Latin,118,8527,1.38383957,1270,19991,6.35285879
clustering,arb_Arab,fra_Latn,Arabic,Latin,101,8090,1.24845488,1228,19991,6.14276424
clustering,arb_Arab,ita_Latn,Arabic,Latin,110,8669,1.26888915,1400,19991,7.00315142
clustering,arb_Arab,por_Latn,Arabic,Latin,130,8551,1.52029002,1429,19991,7.14821670
clustering,arb_Arab,ron_Latn,Arabic,Latin,111,8340,1.33093525,1271,19991,6.35786104
clustering,arb_Arab,ind_Latn,Arabic,Latin,132,8641,1.52760097,1434,19991,7.17322795
clustering,arb_Arab,zsm_Latn,Arabic,Latin,137,8529,1.60628444,1299,19991,6.49792407
clustering,arb_Arab,tgl_Latn,Arabic,Latin,120,7387,1.62447543,1415,19991,7.07818518
clustering,arb_Arab,pol_Latn,Arabic,Latin,112,8883,1.26083530,1257,19991,6.28782952
clustering,arb_Arab,hun_Latn,Arabic,Latin,122,8676,1.40617796,1419,19991,7.09819419
clustering,arb_Arab,tur_Latn,Arabic,Latin,142,8871,1.60072145,1444,19991,7.22325046
clustering,arb_Arab,vie_Latn,Arabic,Latin,121,6706,1.80435431,1417,19991,7.08818969
clustering,arb_Arab,arb_Arab,Arabic,Arabic,3961,3961,100.00000000,19991,19991,100.00000000
clustering,arb_Arab,hin_Deva,Arabic,Devanagari,113,6779,1.66691252,1268,19991,6.34285428
clustering,arb_Arab,guj_Gujr,Arabic,Gujarati,97,5868,1.65303340,1388,19991,6.94312441
clustering,arb_Arab,rus_Cyrl,Arabic,Cyrillic,128,9286,1.37841913,1411,19991,7.05817618
clustering,arb_Arab,tha_Thai,Arabic,Thai,119,7193,1.65438621,1384,19991,6.92311540
clustering,arb_Arab,zho_Hans,Arabic,Han,121,8546,1.41586707,1387,19991,6.93812215
clustering,arb_Arab,jpn_Jpan,Arabic,Japanese,69,7822,0.88212733,1150,19991,5.75258866
clustering,arb_Arab,kor_Hang,Arabic,Hangul,117,7290,1.60493827,1396,19991,6.98314241
clustering,hin_Deva,eng_Latn,Devanagari,Latin,162,7574,2.13889622,1646,19993,8.23288151
clustering,hin_Deva,deu_Latn,Devanagari,Latin,141,7735,1.82288300,1576,19993,7.88275897
clustering,hin_Deva,nld_Latn,Devanagari,Latin,138,7273,1.89742885,1578,19993,7.89276247
clustering,hin_Deva,swe_Latn,Devanagari,Latin,139,7544,1.84252386,1579,19993,7.89776422
clustering,hin_Deva,spa_Latn,Devanagari,Latin,126,7489,1.68246762,1551,19993,7.75771520
clustering,hin_Deva,fra_Latn,Devanagari,Latin,104,7057,1.47371404,1508,19993,7.54263992
clustering,hin_Deva,ita_Latn,Devanagari,Latin,118,7631,1.54632420,1546,19993,7.73270645
clustering,hin_Deva,por_Latn,Devanagari,Latin,135,7516,1.79616817,1596,19993,7.98279398
clustering,hin_Deva,ron_Latn,Devanagari,Latin,127,7294,1.74115712,1581,19993,7.90776772
clustering,hin_Deva,ind_Latn,Devanagari,Latin,142,7601,1.86817524,1618,19993,8.09283249
clustering,hin_Deva,zsm_Latn,Devanagari,Latin,160,7476,2.14018192,1640,19993,8.20287100
clustering,hin_Deva,tgl_Latn,Devanagari,Latin,131,6346,2.06429247,1580,19993,7.90276597
clustering,hin_Deva,pol_Latn,Devanagari,Latin,131,7834,1.67219811,1569,19993,7.84774671
clustering,hin_Deva,hun_Latn,Devanagari,Latin,133,7635,1.74197773,1588,19993,7.94277997
clustering,hin_Deva,tur_Latn,Devanagari,Latin,159,7824,2.03220859,1640,19993,8.20287100
clustering,hin_Deva,vie_Latn,Devanagari,Latin,138,5659,2.43859339,1614,19993,8.07282549
clustering,hin_Deva,arb_Arab,Devanagari,Arabic,113,6779,1.66691252,1543,19993,7.71770120
clustering,hin_Deva,hin_Deva,Devanagari,Devanagari,2931,2931,100.00000000,19993,19993,100.00000000
clustering,hin_Deva,guj_Gujr,Devanagari,Gujarati,117,4818,2.42839352,1548,19993,7.74270995
clustering,hin_Deva,rus_Cyrl,Devanagari,Cyrillic,130,8254,1.57499394,1557,19993,7.78772570
clustering,hin_Deva,tha_Thai,Devanagari,Thai,130,6152,2.11313394,1596,19993,7.98279398
clustering,hin_Deva,zho_Hans,Devanagari,Han,140,7497,1.86741363,1614,19993,8.07282549
clustering,hin_Deva,jpn_Jpan,Devanagari,Japanese,65,6796,0.95644497,1410,19993,7.05246836
clustering,hin_Deva,kor_Hang,Devanagari,Hangul,129,6248,2.06466069,1582,19993,7.91276947
clustering,guj_Gujr,eng_Latn,Gujarati,Latin,149,6660,2.23723724,1929,19989,9.65030767
clustering,guj_Gujr,deu_Latn,Gujarati,Latin,142,6807,2.08608785,1919,19989,9.60028015
clustering,guj_Gujr,nld_Latn,Gujarati,Latin,128,6356,2.01384519,1767,19989,8.83986192
clustering,guj_Gujr,swe_Latn,Gujarati,Latin,126,6630,1.90045249,1903,19989,9.52023613
clustering,guj_Gujr,spa_Latn,Gujarati,Latin,119,6569,1.81153905,1742,19989,8.71479314
clustering,guj_Gujr,fra_Latn,Gujarati,Latin,89,6145,1.44833198,1686,19989,8.43463905
clustering,guj_Gujr,ita_Latn,Gujarati,Latin,128,6694,1.91216014,1886,19989,9.43518935
clustering,guj_Gujr,por_Latn,Gujarati,Latin,132,6592,2.00242718,1912,19989,9.56526089
clustering,guj_Gujr,ron_Latn,Gujarati,Latin,116,6378,1.81875196,1749,19989,8.74981240
clustering,guj_Gujr,ind_Latn,Gujarati,Latin,143,6673,2.14296418,1924,19989,9.62529391
clustering,guj_Gujr,zsm_Latn,Gujarati,Latin,142,6567,2.16232679,1783,19989,8.91990595
clustering,guj_Gujr,tgl_Latn,Gujarati,Latin,129,5421,2.37963475,1905,19989,9.53024163
clustering,guj_Gujr,pol_Latn,Gujarati,Latin,114,6924,1.64644714,1732,19989,8.66476562
clustering,guj_Gujr,hun_Latn,Gujarati,Latin,133,6708,1.98270722,1907,19989,9.54024714
clustering,guj_Gujr,tur_Latn,Gujarati,Latin,151,6905,2.18682114,1932,19989,9.66531592
clustering,guj_Gujr,vie_Latn,Gujarati,Latin,136,4734,2.87283481,1915,19989,9.58026915
clustering,guj_Gujr,arb_Arab,Gujarati,Arabic,97,5868,1.65303340,1859,19989,9.30011506
clustering,guj_Gujr,hin_Deva,Gujarati,Devanagari,117,4818,2.42839352,1741,19989,8.70979038
clustering,guj_Gujr,guj_Gujr,Gujarati,Gujarati,2004,2004,100.00000000,19989,19989,100.00000000
clustering,guj_Gujr,rus_Cyrl,Gujarati,Cyrillic,121,7336,1.64940022,1878,19989,9.39516734
clustering,guj_Gujr,tha_Thai,Gujarati,Thai,127,5228,2.42922724,1876,19989,9.38516184
clustering,guj_Gujr,zho_Hans,Gujarati,Han,128,6582,1.94469766,1873,19989,9.37015358
clustering,guj_Gujr,jpn_Jpan,Gujarati,Japanese,70,5864,1.19372442,1612,19989,8.06443544
clustering,guj_Gujr,kor_Hang,Gujarati,Hangul,137,5313,2.57858084,1908,19989,9.54524989
clustering,rus_Cyrl,eng_Latn,Cyrillic,Latin,257,10001,2.56974303,2582,20000,12.91000000
clustering,rus_Cyrl,deu_Latn,Cyrillic,Latin,261,10137,2.57472625,2530,20000,12.65000000
clustering,rus_Cyrl,nld_Latn,Cyrillic,Latin,248,9685,2.56066082,2398,20000,11.99000000
clustering,rus_Cyrl,swe_Latn,Cyrillic,Latin,260,9945,2.61437908,2594,20000,12.97000000
clustering,rus_Cyrl,spa_Latn,Cyrillic,Latin,223,9914,2.24934436,2318,20000,11.59000000
clustering,rus_Cyrl,fra_Latn,Cyrillic,Latin,192,9491,2.02296913,2320,20000,11.60000000
clustering,rus_Cyrl,ita_Latn,Cyrillic,Latin,211,10060,2.09741551,2459,20000,12.29500000
clustering,rus_Cyrl,por_Latn,Cyrillic,Latin,268,9905,2.70570419,2578,20000,12.89000000
clustering,rus_Cyrl,ron_Latn,Cyrillic,Latin,220,9723,2.26267613,2332,20000,11.66000000
clustering,rus_Cyrl,ind_Latn,Cyrillic,Latin,267,9998,2.67053411,2522,20000,12.61000000
clustering,rus_Cyrl,zsm_Latn,Cyrillic,Latin,271,9887,2.74097299,2431,20000,12.15500000
clustering,rus_Cyrl,tgl_Latn,Cyrillic,Latin,204,8795,2.31949972,2448,20000,12.24000000
clustering,rus_Cyrl,pol_Latn,Cyrillic,Latin,245,10242,2.39211092,2359,20000,11.79500000
clustering,rus_Cyrl,hun_Latn,Cyrillic,Latin,256,10034,2.55132549,2586,20000,12.93000000
clustering,rus_Cyrl,tur_Latn,Cyrillic,Latin,272,10233,2.65806704,2597,20000,12.98500000
clustering,rus_Cyrl,vie_Latn,Cyrillic,Latin,228,8091,2.81794587,2547,20000,12.73500000
clustering,rus_Cyrl,arb_Arab,Cyrillic,Arabic,128,9286,1.37841913,2325,20000,11.62500000
clustering,rus_Cyrl,hin_Deva,Cyrillic,Devanagari,130,8254,1.57499394,2257,20000,11.28500000
clustering,rus_Cyrl,guj_Gujr,Cyrillic,Gujarati,121,7336,1.64940022,2392,20000,11.96000000
clustering,rus_Cyrl,rus_Cyrl,Cyrillic,Cyrillic,5453,5453,100.00000000,20000,20000,100.00000000
clustering,rus_Cyrl,tha_Thai,Cyrillic,Thai,200,8604,2.32450023,2369,20000,11.84500000
clustering,rus_Cyrl,zho_Hans,Cyrillic,Han,197,9962,1.97751456,2388,20000,11.94000000
clustering,rus_Cyrl,jpn_Jpan,Cyrillic,Japanese,85,9298,0.91417509,2016,20000,10.08000000
clustering,rus_Cyrl,kor_Hang,Cyrillic,Hangul,180,8719,2.06445693,2404,20000,12.02000000
clustering,tha_Thai,eng_Latn,Thai,Latin,431,7725,5.57928803,1764,19992,8.82352941
clustering,tha_Thai,deu_Latn,Thai,Latin,374,7922,4.72103004,1681,19992,8.40836335
clustering,tha_Thai,nld_Latn,Thai,Latin,339,7492,4.52482648,1587,19992,7.93817527
clustering,tha_Thai,swe_Latn,Thai,Latin,404,7699,5.24743473,1720,19992,8.60344138
clustering,tha_Thai,spa_Latn,Thai,Latin,341,7694,4.43202495,1588,19992,7.94317727
clustering,tha_Thai,fra_Latn,Thai,Latin,300,7281,4.12031314,1521,19992,7.60804322
clustering,tha_Thai,ita_Latn,Thai,Latin,339,7830,4.32950192,1652,19992,8.26330532
clustering,tha_Thai,por_Latn,Thai,Latin,374,7697,4.85903599,1695,19992,8.47839136
clustering,tha_Thai,ron_Latn,Thai,Latin,332,7509,4.42136103,1580,19992,7.90316126
clustering,tha_Thai,ind_Latn,Thai,Latin,408,7755,5.26112186,1742,19992,8.71348539
clustering,tha_Thai,zsm_Latn,Thai,Latin,427,7629,5.59706384,1680,19992,8.40336134
clustering,tha_Thai,tgl_Latn,Thai,Latin,315,6582,4.78577940,1612,19992,8.06322529
clustering,tha_Thai,pol_Latn,Thai,Latin,347,8038,4.31699428,1574,19992,7.87314926
clustering,tha_Thai,hun_Latn,Thai,Latin,377,7811,4.82652669,1689,19992,8.44837935
clustering,tha_Thai,tur_Latn,Thai,Latin,400,8003,4.99812570,1718,19992,8.59343737
clustering,tha_Thai,vie_Latn,Thai,Latin,315,5902,5.33717384,1632,19992,8.16326531
clustering,tha_Thai,arb_Arab,Thai,Arabic,119,7193,1.65438621,1355,19992,6.77771108
clustering,tha_Thai,hin_Deva,Thai,Devanagari,130,6152,2.11313394,1289,19992,6.44757903
clustering,tha_Thai,guj_Gujr,Thai,Gujarati,127,5228,2.42922724,1365,19992,6.82773109
clustering,tha_Thai,rus_Cyrl,Thai,Cyrillic,200,8604,2.32450023,1459,19992,7.29791917
clustering,tha_Thai,tha_Thai,Thai,Thai,3351,3351,100.00000000,19992,19992,100.00000000
clustering,tha_Thai,zho_Hans,Thai,Han,267,7790,3.42747112,1564,19992,7.82312925
clustering,tha_Thai,jpn_Jpan,Thai,Japanese,101,7180,1.40668524,1153,19992,5.76730692
clustering,tha_Thai,kor_Hang,Thai,Hangul,244,6553,3.72348543,1530,19992,7.65306122
clustering,zho_Hans,eng_Latn,Han,Latin,415,9096,4.56244503,2805,20000,14.02500000
clustering,zho_Hans,deu_Latn,Han,Latin,382,9269,4.12126443,2778,20000,13.89000000
clustering,zho_Hans,nld_Latn,Han,Latin,362,8824,4.10244787,2707,20000,13.53500000
clustering,zho_Hans,swe_Latn,Han,Latin,382,9076,4.20890260,2738,20000,13.69000000
clustering,zho_Hans,spa_Latn,Han,Latin,332,9058,3.66526827,2577,20000,12.88500000
clustering,zho_Hans,fra_Latn,Han,Latin,313,8623,3.62982721,2620,20000,13.10000000
clustering,zho_Hans,ita_Latn,Han,Latin,329,9195,3.57803154,2581,20000,12.90500000
clustering,zho_Hans,por_Latn,Han,Latin,367,9059,4.05121978,2629,20000,13.14500000
clustering,zho_Hans,ron_Latn,Han,Latin,333,8863,3.75719282,2610,20000,13.05000000
clustering,zho_Hans,ind_Latn,Han,Latin,400,9118,4.38692696,2822,20000,14.11000000
clustering,zho_Hans,zsm_Latn,Han,Latin,399,9012,4.42743009,2779,20000,13.89500000
clustering,zho_Hans,tgl_Latn,Han,Latin,322,7930,4.06052963,2566,20000,12.83000000
clustering,zho_Hans,pol_Latn,Han,Latin,332,9408,3.52891156,2696,20000,13.48000000
clustering,zho_Hans,hun_Latn,Han,Latin,355,9188,3.86373531,2632,20000,13.16000000
clustering,zho_Hans,tur_Latn,Han,Latin,384,9374,4.09643695,2756,20000,13.78000000
clustering,zho_Hans,vie_Latn,Han,Latin,316,7256,4.35501654,2688,20000,13.44000000
clustering,zho_Hans,arb_Arab,Han,Arabic,121,8546,1.41586707,2353,20000,11.76500000
clustering,zho_Hans,hin_Deva,Han,Devanagari,140,7497,1.86741363,2427,20000,12.13500000
clustering,zho_Hans,guj_Gujr,Han,Gujarati,128,6582,1.94469766,2335,20000,11.67500000
clustering,zho_Hans,rus_Cyrl,Han,Cyrillic,197,9962,1.97751456,2495,20000,12.47500000
clustering,zho_Hans,tha_Thai,Han,Thai,267,7790,3.42747112,2489,20000,12.44500000
clustering,zho_Hans,zho_Hans,Han,Han,4706,4706,100.00000000,20000,20000,100.00000000
clustering,zho_Hans,jpn_Jpan,Han,Japanese,916,7720,11.86528497,8590,20000,42.95000000
clustering,zho_Hans,kor_Hang,Han,Hangul,264,7888,3.34685598,2650,20000,13.25000000
clustering,jpn_Jpan,eng_Latn,Japanese,Latin,130,8605,1.51074956,937,19994,4.68640592
clustering,jpn_Jpan,deu_Latn,Japanese,Latin,134,8741,1.53300538,956,19994,4.78143443
clustering,jpn_Jpan,nld_Latn,Japanese,Latin,121,8289,1.45976595,927,19994,4.63639092
clustering,jpn_Jpan,swe_Latn,Japanese,Latin,115,8567,1.34236022,900,19994,4.50135041
clustering,jpn_Jpan,spa_Latn,Japanese,Latin,109,8505,1.28159906,819,19994,4.09622887
clustering,jpn_Jpan,fra_Latn,Japanese,Latin,91,8069,1.12777296,806,19994,4.03120936
clustering,jpn_Jpan,ita_Latn,Japanese,Latin,118,8630,1.36732329,853,19994,4.26627988
clustering,jpn_Jpan,por_Latn,Japanese,Latin,111,8539,1.29991802,841,19994,4.20626188
clustering,jpn_Jpan,ron_Latn,Japanese,Latin,112,8308,1.34809822,835,19994,4.17625288
clustering,jpn_Jpan,ind_Latn,Japanese,Latin,125,8617,1.45062087,925,19994,4.62638792
clustering,jpn_Jpan,zsm_Latn,Japanese,Latin,123,8512,1.44501880,891,19994,4.45633690
clustering,jpn_Jpan,tgl_Latn,Japanese,Latin,108,7368,1.46579805,853,19994,4.26627988
clustering,jpn_Jpan,pol_Latn,Japanese,Latin,108,8856,1.21951220,905,19994,4.52635791
clustering,jpn_Jpan,hun_Latn,Japanese,Latin,115,8652,1.32917245,816,19994,4.08122437
clustering,jpn_Jpan,tur_Latn,Japanese,Latin,125,8857,1.41131309,946,19994,4.73141943
clustering,jpn_Jpan,vie_Latn,Japanese,Latin,112,6684,1.67564333,899,19994,4.49634890
clustering,jpn_Jpan,arb_Arab,Japanese,Arabic,69,7822,0.88212733,823,19994,4.11623487
clustering,jpn_Jpan,hin_Deva,Japanese,Devanagari,65,6796,0.95644497,812,19994,4.06121837
clustering,jpn_Jpan,guj_Gujr,Japanese,Gujarati,70,5864,1.19372442,784,19994,3.92117635
clustering,jpn_Jpan,rus_Cyrl,Japanese,Cyrillic,85,9298,0.91417509,825,19994,4.12623787
clustering,jpn_Jpan,tha_Thai,Japanese,Thai,101,7180,1.40668524,783,19994,3.91617485
clustering,jpn_Jpan,zho_Hans,Japanese,Han,916,7720,11.86528497,5715,19994,28.58357507
clustering,jpn_Jpan,jpn_Jpan,Japanese,Japanese,3930,3930,100.00000000,19994,19994,100.00000000
clustering,jpn_Jpan,kor_Hang,Japanese,Hangul,99,7277,1.36045074,929,19994,4.64639392
clustering,kor_Hang,eng_Latn,Hangul,Latin,364,7887,4.61518955,2853,19993,14.26999450
clustering,kor_Hang,deu_Latn,Hangul,Latin,323,8068,4.00347050,2776,19993,13.88485970
clustering,kor_Hang,nld_Latn,Hangul,Latin,307,7619,4.02940018,2574,19993,12.87450608
clustering,kor_Hang,swe_Latn,Hangul,Latin,310,7888,3.93002028,2766,19993,13.83484219
clustering,kor_Hang,spa_Latn,Hangul,Latin,279,7851,3.55368743,2407,19993,12.03921372
clustering,kor_Hang,fra_Latn,Hangul,Latin,241,7435,3.24142569,2457,19993,12.28930126
clustering,kor_Hang,ita_Latn,Hangul,Latin,278,7986,3.48109191,2596,19993,12.98454459
clustering,kor_Hang,por_Latn,Hangul,Latin,312,7854,3.97249809,2651,19993,13.25964087
clustering,kor_Hang,ron_Latn,Hangul,Latin,274,7662,3.57608979,2420,19993,12.10423648
clustering,kor_Hang,ind_Latn,Hangul,Latin,315,7943,3.96575601,2784,19993,13.92487371
clustering,kor_Hang,zsm_Latn,Hangul,Latin,337,7814,4.31277195,2588,19993,12.94453059
clustering,kor_Hang,tgl_Latn,Hangul,Latin,267,6725,3.97026022,2593,19993,12.96953934
clustering,kor_Hang,pol_Latn,Hangul,Latin,277,8203,3.37681336,2523,19993,12.61941680
clustering,kor_Hang,hun_Latn,Hangul,Latin,302,7981,3.78398697,2638,19993,13.19461812
clustering,kor_Hang,tur_Latn,Hangul,Latin,335,8163,4.10388338,2800,19993,14.00490172
clustering,kor_Hang,vie_Latn,Hangul,Latin,276,6036,4.57256461,2728,19993,13.64477567
clustering,kor_Hang,arb_Arab,Hangul,Arabic,117,7290,1.60493827,2496,19993,12.48436953
clustering,kor_Hang,hin_Deva,Hangul,Devanagari,129,6248,2.06466069,2319,19993,11.59905967
clustering,kor_Hang,guj_Gujr,Hangul,Gujarati,137,5313,2.57858084,2434,19993,12.17426099
clustering,kor_Hang,rus_Cyrl,Hangul,Cyrillic,180,8719,2.06445693,2597,19993,12.98954634
clustering,kor_Hang,tha_Thai,Hangul,Thai,244,6553,3.72348543,2562,19993,12.81448507
clustering,kor_Hang,zho_Hans,Hangul,Han,264,7888,3.34685598,2692,19993,13.46471265
clustering,kor_Hang,jpn_Jpan,Hangul,Japanese,99,7277,1.36045074,2224,19993,11.12389336
clustering,kor_Hang,kor_Hang,Hangul,Hangul,3446,3446,100.00000000,19993,19993,100.00000000
