condition,language_i,language_j,flores_type_iou_percent,mteb_type_iou_percent,difference_points
overall,eng_Latn,deu_Latn,21.93094629,13.09720736,-8.83373893
overall,eng_Latn,nld_Latn,28.82450201,14.60638964,-14.21811237
overall,eng_Latn,swe_Latn,25.36534447,13.12938816,-12.23595631
overall,eng_Latn,spa_Latn,22.86655212,12.22290640,-10.64364572
overall,eng_Latn,fra_Latn,29.59531163,14.75810031,-14.83721132
overall,eng_Latn,ita_Latn,25.89240091,13.44554455,-12.44685636
overall,eng_Latn,por_Latn,24.12884334,12.33714171,-11.79170163
overall,eng_Latn,ron_Latn,27.26789242,13.61150496,-13.65638746
overall,eng_Latn,ind_Latn,22.77916383,12.67996709,-10.09919674
overall,eng_Latn,zsm_Latn,24.09535642,12.98133333,-11.11402309
overall,eng_Latn,tgl_Latn,30.50486099,15.21554341,-15.28931758
overall,eng_Latn,pol_Latn,18.97840532,10.69772032,-8.28068500
overall,eng_Latn,hun_Latn,18.38638468,9.17153800,-9.21484668
overall,eng_Latn,tur_Latn,19.35413326,10.38870663,-8.96542663
overall,eng_Latn,vie_Latn,22.99430279,9.09907598,-13.89522681
overall,eng_Latn,arb_Arab,3.44107696,2.49034357,-0.95073339
overall,eng_Latn,hin_Deva,4.10970052,2.49014085,-1.61955967
overall,eng_Latn,guj_Gujr,4.65716745,2.95107429,-1.70609316
overall,eng_Latn,rus_Cyrl,4.24133116,2.08512099,-2.15621017
overall,eng_Latn,tha_Thai,10.93658127,4.28197244,-6.65460883
overall,eng_Latn,zho_Hans,7.33458596,2.87560288,-4.45898308
overall,eng_Latn,jpn_Jpan,2.91586658,2.49799358,-0.41787300
overall,eng_Latn,kor_Hang,8.11722200,3.25570879,-4.86151321
overall,deu_Latn,nld_Latn,26.26518596,15.43756146,-10.82762450
overall,deu_Latn,swe_Latn,24.88691032,14.16382253,-10.72308779
overall,deu_Latn,spa_Latn,16.72478453,9.24542398,-7.47936055
overall,deu_Latn,fra_Latn,19.59483306,10.07037367,-9.52445939
overall,deu_Latn,ita_Latn,18.73043362,10.67741351,-8.05302011
overall,deu_Latn,por_Latn,17.95371990,9.48331047,-8.47040943
overall,deu_Latn,ron_Latn,19.89760620,10.82231061,-9.07529559
overall,deu_Latn,ind_Latn,20.08424961,11.44922024,-8.63502937
overall,deu_Latn,zsm_Latn,19.77433820,11.06220657,-8.71213163
overall,deu_Latn,tgl_Latn,21.47774208,10.91755031,-10.56019177
overall,deu_Latn,pol_Latn,18.07429065,10.35372144,-7.72056921
overall,deu_Latn,hun_Latn,18.35443038,10.20815512,-8.14627526
overall,deu_Latn,tur_Latn,18.96975226,10.54494644,-8.42480582
overall,deu_Latn,vie_Latn,19.03030303,7.85888928,-11.17141375
overall,deu_Latn,arb_Arab,3.07543787,1.70667667,-1.36876120
overall,deu_Latn,hin_Deva,3.42640575,1.70208376,-1.72432199
overall,deu_Latn,guj_Gujr,3.88568338,2.24020643,-1.64547695
overall,deu_Latn,rus_Cyrl,4.09139513,1.70308483,-2.38831030
overall,deu_Latn,tha_Thai,9.75240825,3.65726228,-6.09514597
overall,deu_Latn,zho_Hans,6.97044017,2.41004752,-4.56039265
overall,deu_Latn,jpn_Jpan,2.63929619,1.92147034,-0.71782585
overall,deu_Latn,kor_Hang,7.30384292,2.72991488,-4.57392804
overall,nld_Latn,swe_Latn,26.91807542,13.74388662,-13.17418880
overall,nld_Latn,spa_Latn,20.23564483,10.15648360,-10.07916123
overall,nld_Latn,fra_Latn,24.57169316,12.10075027,-12.47094289
overall,nld_Latn,ita_Latn,23.13924051,11.50178210,-11.63745841
overall,nld_Latn,por_Latn,21.27844615,10.70276610,-10.57568005
overall,nld_Latn,ron_Latn,24.33428614,12.49503771,-11.83924843
overall,nld_Latn,ind_Latn,22.71508465,11.76826807,-10.94681658
overall,nld_Latn,zsm_Latn,22.27653631,11.23922302,-11.03731329
overall,nld_Latn,tgl_Latn,25.25747508,11.95943583,-13.29803925
overall,nld_Latn,pol_Latn,20.05943536,10.44630676,-9.61312860
overall,nld_Latn,hun_Latn,19.85240392,10.71898069,-9.13342323
overall,nld_Latn,tur_Latn,20.12644106,10.05296195,-10.07347911
overall,nld_Latn,vie_Latn,21.29473487,8.21195379,-13.08278108
overall,nld_Latn,arb_Arab,3.21756895,1.90828255,-1.30928640
overall,nld_Latn,hin_Deva,3.61852951,1.89117452,-1.72735499
overall,nld_Latn,guj_Gujr,4.09708738,2.26811961,-1.82896777
overall,nld_Latn,rus_Cyrl,4.19856318,1.94314807,-2.25541511
overall,nld_Latn,tha_Thai,10.47303046,3.73601790,-6.73701256
overall,nld_Latn,zho_Hans,7.00088189,2.43946188,-4.56142001
overall,nld_Latn,jpn_Jpan,2.76215203,2.06419753,-0.69795450
overall,nld_Latn,kor_Hang,7.51745413,2.65201953,-4.86543460
overall,swe_Latn,spa_Latn,19.45054945,9.97675320,-9.47379625
overall,swe_Latn,fra_Latn,22.40171129,11.17884079,-11.22287050
overall,swe_Latn,ita_Latn,21.82642036,11.92046740,-9.90595296
overall,swe_Latn,por_Latn,20.27433690,10.89071142,-9.38362548
overall,swe_Latn,ron_Latn,22.62420566,11.54030480,-11.08390086
overall,swe_Latn,ind_Latn,22.79132185,12.06777657,-10.72354528
overall,swe_Latn,zsm_Latn,22.31024596,11.44736842,-10.86287754
overall,swe_Latn,tgl_Latn,24.63291342,12.27334542,-12.35956800
overall,swe_Latn,pol_Latn,20.19595667,10.70307297,-9.49288370
overall,swe_Latn,hun_Latn,20.69459363,10.57493857,-10.11965506
overall,swe_Latn,tur_Latn,20.56495534,10.99017530,-9.57478004
overall,swe_Latn,vie_Latn,19.45261656,7.80759004,-11.64502652
overall,swe_Latn,arb_Arab,3.07116634,1.57655479,-1.49461155
overall,swe_Latn,hin_Deva,3.36534646,1.69944421,-1.66590225
overall,swe_Latn,guj_Gujr,3.88620305,2.12221003,-1.76399302
overall,swe_Latn,rus_Cyrl,4.07180134,1.70107349,-2.37072785
overall,swe_Latn,tha_Thai,9.70770738,3.53551735,-6.17219003
overall,swe_Latn,zho_Hans,6.70831963,2.32152208,-4.38679755
overall,swe_Latn,jpn_Jpan,2.59613371,1.83837610,-0.75775761
overall,swe_Latn,kor_Hang,7.24297236,2.75357642,-4.48939594
overall,spa_Latn,fra_Latn,23.05345729,11.73442025,-11.31903704
overall,spa_Latn,ita_Latn,27.97242964,15.31846815,-12.65396149
overall,spa_Latn,por_Latn,40.41803476,22.73221666,-17.68581810
overall,spa_Latn,ron_Latn,27.50349496,14.42902016,-13.07447480
overall,spa_Latn,ind_Latn,19.14984060,10.90781140,-8.24202920
overall,spa_Latn,zsm_Latn,19.30115274,10.92970050,-8.37145224
overall,spa_Latn,tgl_Latn,22.97506582,12.32088325,-10.65418257
overall,spa_Latn,pol_Latn,17.30375652,9.54598370,-7.75777282
overall,spa_Latn,hun_Latn,18.05517431,9.33239775,-8.72277656
overall,spa_Latn,tur_Latn,17.35668790,9.52287646,-7.83381144
overall,spa_Latn,vie_Latn,18.47797983,7.80641106,-10.67156877
overall,spa_Latn,arb_Arab,2.92659413,1.81417260,-1.11242153
overall,spa_Latn,hin_Deva,3.13946313,1.58396101,-1.55550212
overall,spa_Latn,guj_Gujr,3.56853933,1.86500888,-1.70353045
overall,spa_Latn,rus_Cyrl,3.92200933,1.63850921,-2.28350012
overall,spa_Latn,tha_Thai,8.96371828,3.33557197,-5.62814631
overall,spa_Latn,zho_Hans,6.24399000,2.20944854,-4.03454146
overall,spa_Latn,jpn_Jpan,2.38111436,1.69960474,-0.68150962
overall,spa_Latn,kor_Hang,6.45039036,2.55011136,-3.90027900
overall,fra_Latn,ita_Latn,25.83887657,13.26224247,-12.57663410
overall,fra_Latn,por_Latn,24.17272592,12.54868934,-11.62403658
overall,fra_Latn,ron_Latn,25.69190998,12.44220261,-13.24970737
overall,fra_Latn,ind_Latn,19.43636770,9.64184434,-9.79452336
overall,fra_Latn,zsm_Latn,19.68258790,9.22693267,-10.45565523
overall,fra_Latn,tgl_Latn,22.35742679,10.76809089,-11.58933590
overall,fra_Latn,pol_Latn,17.60221760,8.79601383,-8.80620377
overall,fra_Latn,hun_Latn,18.41345460,9.25847458,-9.15498002
overall,fra_Latn,tur_Latn,17.82770443,8.87586136,-8.95184307
overall,fra_Latn,vie_Latn,20.10945181,8.20005422,-11.90939759
overall,fra_Latn,arb_Arab,3.02919974,1.93967814,-1.08952160
overall,fra_Latn,hin_Deva,3.16730943,1.97337137,-1.19393806
overall,fra_Latn,guj_Gujr,3.68365078,2.39603415,-1.28761663
overall,fra_Latn,rus_Cyrl,4.00822803,1.82550336,-2.18272467
overall,fra_Latn,tha_Thai,9.60418601,3.36204834,-6.24213767
overall,fra_Latn,zho_Hans,6.64548405,2.52827678,-4.11720727
overall,fra_Latn,jpn_Jpan,2.65072391,2.07324774,-0.57747617
overall,fra_Latn,kor_Hang,6.98651159,2.81622912,-4.17028247
overall,ita_Latn,por_Latn,29.11689263,15.46059065,-13.65630198
overall,ita_Latn,ron_Latn,30.31731777,16.64363277,-13.67368500
overall,ita_Latn,ind_Latn,20.79759863,11.00970314,-9.78789549
overall,ita_Latn,zsm_Latn,20.38336347,10.74821853,-9.63514494
overall,ita_Latn,tgl_Latn,24.05781335,11.79339393,-12.26441942
overall,ita_Latn,pol_Latn,18.53917663,9.47924388,-9.05993275
overall,ita_Latn,hun_Latn,18.08866726,9.01287554,-9.07579172
overall,ita_Latn,tur_Latn,18.51259218,9.70282179,-8.80977039
overall,ita_Latn,vie_Latn,19.36653146,7.52777121,-11.83876025
overall,ita_Latn,arb_Arab,3.10742214,1.55938005,-1.54804209
overall,ita_Latn,hin_Deva,3.28548399,1.69953840,-1.58594559
overall,ita_Latn,guj_Gujr,3.69907076,2.28441574,-1.41465502
overall,ita_Latn,rus_Cyrl,4.05488659,1.70940171,-2.34548488
overall,ita_Latn,tha_Thai,9.45466025,3.50132626,-5.95333399
overall,ita_Latn,zho_Hans,6.59115633,2.34737747,-4.24377886
overall,ita_Latn,jpn_Jpan,2.68711407,1.92253322,-0.76458085
overall,ita_Latn,kor_Hang,6.97357462,2.62575134,-4.34782328
overall,por_Latn,ron_Latn,27.96502504,14.23069326,-13.73433178
overall,por_Latn,ind_Latn,20.23740591,10.93014129,-9.30726462
overall,por_Latn,zsm_Latn,20.29571870,11.33611479,-8.95960391
overall,por_Latn,tgl_Latn,23.37662338,12.10256410,-11.27405928
overall,por_Latn,pol_Latn,17.90533736,9.73434535,-8.17099201
overall,por_Latn,hun_Latn,18.74388710,9.88697789,-8.85690921
overall,por_Latn,tur_Latn,18.28070919,10.26282854,-8.01788065
overall,por_Latn,vie_Latn,20.12952449,8.56231600,-11.56720849
overall,por_Latn,arb_Arab,3.19215961,1.71606864,-1.47609097
overall,por_Latn,hin_Deva,3.44150232,1.72320948,-1.71829284
overall,por_Latn,guj_Gujr,3.87369194,2.19076923,-1.68292271
overall,por_Latn,rus_Cyrl,4.02707468,1.83783784,-2.18923684
overall,por_Latn,tha_Thai,9.56107794,3.59633827,-5.96473967
overall,por_Latn,zho_Hans,6.52131468,2.38973818,-4.13157650
overall,por_Latn,jpn_Jpan,2.53523073,1.75269646,-0.78253427
overall,por_Latn,kor_Hang,6.98105914,2.77446624,-4.20659290
overall,ron_Latn,ind_Latn,22.84366577,12.01861202,-10.82505375
overall,ron_Latn,zsm_Latn,22.12978369,11.97463953,-10.15514416
overall,ron_Latn,tgl_Latn,24.31693989,11.51885831,-12.79808158
overall,ron_Latn,pol_Latn,21.21656540,11.09511469,-10.12145071
overall,ron_Latn,hun_Latn,19.19363998,9.73815828,-9.45548170
overall,ron_Latn,tur_Latn,20.45735926,10.60503715,-9.85232211
overall,ron_Latn,vie_Latn,20.70963070,8.51298383,-12.19664687
overall,ron_Latn,arb_Arab,3.17268791,1.60568315,-1.56700476
overall,ron_Latn,hin_Deva,3.48131587,1.60128963,-1.88002624
overall,ron_Latn,guj_Gujr,3.90909941,2.10047906,-1.80862035
overall,ron_Latn,rus_Cyrl,4.16450665,1.70124481,-2.46326184
overall,ron_Latn,tha_Thai,9.73988676,3.44640139,-6.29348537
overall,ron_Latn,zho_Hans,6.72213418,2.43281223,-4.28932195
overall,ron_Latn,jpn_Jpan,2.59321559,1.87861272,-0.71460287
overall,ron_Latn,kor_Hang,7.20295667,2.53861942,-4.66433725
overall,ind_Latn,zsm_Latn,61.82345027,39.12534166,-22.69810861
overall,ind_Latn,tgl_Latn,31.72772103,16.84749482,-14.88022621
overall,ind_Latn,pol_Latn,19.64488636,10.88895423,-8.75593213
overall,ind_Latn,hun_Latn,19.63406569,10.72948328,-8.90458241
overall,ind_Latn,tur_Latn,22.64901676,13.00443906,-9.64457770
overall,ind_Latn,vie_Latn,21.56398104,8.72534143,-12.83863961
overall,ind_Latn,arb_Arab,3.19328968,1.87130992,-1.32197976
overall,ind_Latn,hin_Deva,3.50877193,1.81636948,-1.69240245
overall,ind_Latn,guj_Gujr,4.16666667,2.44305891,-1.72360776
overall,ind_Latn,rus_Cyrl,4.15481271,1.93778684,-2.21702587
overall,ind_Latn,tha_Thai,10.32678617,4.17651694,-6.15026923
overall,ind_Latn,zho_Hans,6.99343724,2.64674109,-4.34669615
overall,ind_Latn,jpn_Jpan,2.71193835,2.02789593,-0.68404242
overall,ind_Latn,kor_Hang,7.39013013,3.27813829,-4.11199184
overall,zsm_Latn,tgl_Latn,32.62360159,17.84253579,-14.78106580
overall,zsm_Latn,pol_Latn,19.11669659,10.83105577,-8.28564082
overall,zsm_Latn,hun_Latn,19.78169856,10.93142917,-8.85026939
overall,zsm_Latn,tur_Latn,22.62830482,13.45408858,-9.17421624
overall,zsm_Latn,vie_Latn,22.94296057,9.46682622,-13.47613435
overall,zsm_Latn,arb_Arab,3.45708703,1.86818889,-1.58889814
overall,zsm_Latn,hin_Deva,4.23257802,1.96350196,-2.26907606
overall,zsm_Latn,guj_Gujr,4.70838396,2.57573735,-2.13264661
overall,zsm_Latn,rus_Cyrl,4.15689105,1.82120655,-2.33568450
overall,zsm_Latn,tha_Thai,10.95070423,4.97165801,-5.97904622
overall,zsm_Latn,zho_Hans,7.26132404,2.69842747,-4.56289657
overall,zsm_Latn,jpn_Jpan,2.95471418,1.84256321,-1.11215097
overall,zsm_Latn,kor_Hang,7.87487420,2.99721190,-4.87766230
overall,tgl_Latn,pol_Latn,21.44274809,11.57071623,-9.87203186
overall,tgl_Latn,hun_Latn,20.99992114,10.52693072,-10.47299042
overall,tgl_Latn,tur_Latn,24.30607034,12.58676539,-11.71930495
overall,tgl_Latn,vie_Latn,24.88706797,9.45800706,-15.42906091
overall,tgl_Latn,arb_Arab,3.70839937,2.14587242,-1.56252695
overall,tgl_Latn,hin_Deva,4.41723356,1.99392579,-2.42330777
overall,tgl_Latn,guj_Gujr,5.22704998,2.71535581,-2.51169417
overall,tgl_Latn,rus_Cyrl,4.40567340,1.72030540,-2.68536800
overall,tgl_Latn,tha_Thai,11.61441273,3.99412236,-7.62029037
overall,tgl_Latn,zho_Hans,7.81066823,2.52890173,-5.28176650
overall,tgl_Latn,jpn_Jpan,3.09520088,2.00668896,-1.08851192
overall,tgl_Latn,kor_Hang,8.41711896,3.08100930,-5.33610966
overall,pol_Latn,hun_Latn,18.35290885,9.51355584,-8.83935301
overall,pol_Latn,tur_Latn,18.06550309,10.01151853,-8.05398456
overall,pol_Latn,vie_Latn,17.05472468,7.35668404,-9.69804064
overall,pol_Latn,arb_Arab,2.92096220,1.68501023,-1.23595197
overall,pol_Latn,hin_Deva,3.17240317,1.67796063,-1.49444254
overall,pol_Latn,guj_Gujr,3.55958038,2.02553400,-1.53404638
overall,pol_Latn,rus_Cyrl,3.97417906,1.62547686,-2.34870220
overall,pol_Latn,tha_Thai,8.83233533,3.69482289,-5.13751244
overall,pol_Latn,zho_Hans,6.23960067,2.30721993,-3.93238074
overall,pol_Latn,jpn_Jpan,2.48793420,1.70241416,-0.78552004
overall,pol_Latn,kor_Hang,6.54149001,2.47246815,-4.06902186
overall,hun_Latn,tur_Latn,19.72283005,9.93548387,-9.78734618
overall,hun_Latn,vie_Latn,19.47182780,8.30883293,-11.16299487
overall,hun_Latn,arb_Arab,3.12008015,1.50413891,-1.61594124
overall,hun_Latn,hin_Deva,3.46662367,1.60224090,-1.86438277
overall,hun_Latn,guj_Gujr,3.94587434,1.98147195,-1.96440239
overall,hun_Latn,rus_Cyrl,4.24333894,1.80118363,-2.44215531
overall,hun_Latn,tha_Thai,9.67795347,4.03418803,-5.64376544
overall,hun_Latn,zho_Hans,6.75720658,2.23934723,-4.51785935
overall,hun_Latn,jpn_Jpan,2.68166702,1.77804415,-0.90362287
overall,hun_Latn,kor_Hang,7.06246037,2.74173530,-4.32072507
overall,tur_Latn,vie_Latn,20.21523332,8.21680485,-11.99842847
overall,tur_Latn,arb_Arab,3.19241983,1.64370079,-1.54871904
overall,tur_Latn,hin_Deva,3.67501648,1.80946152,-1.86555496
overall,tur_Latn,guj_Gujr,4.21400136,2.38541276,-1.82858860
overall,tur_Latn,rus_Cyrl,4.07335567,1.85402685,-2.21932882
overall,tur_Latn,tha_Thai,10.01439093,4.08547387,-5.92891706
overall,tur_Latn,zho_Hans,6.79296346,2.64865345,-4.14431001
overall,tur_Latn,jpn_Jpan,2.67117863,1.87962602,-0.79155261
overall,tur_Latn,kor_Hang,7.28450020,3.04362158,-4.24087862
overall,vie_Latn,arb_Arab,4.34368451,2.02086911,-2.32281540
overall,vie_Latn,hin_Deva,5.13452915,2.09122594,-3.04330321
overall,vie_Latn,guj_Gujr,6.25176404,2.73595299,-3.51581105
overall,vie_Latn,rus_Cyrl,5.10218872,1.95617317,-3.14601555
overall,vie_Latn,tha_Thai,14.00628711,4.10413476,-9.90215235
overall,vie_Latn,zho_Hans,8.67311679,2.41556955,-6.25754724
overall,vie_Latn,jpn_Jpan,3.54968624,2.05194805,-1.49773819
overall,vie_Latn,kor_Hang,9.89503608,3.13594154,-6.75909454
overall,arb_Arab,hin_Deva,3.48268441,1.32764921,-2.15503520
overall,arb_Arab,guj_Gujr,4.16467780,1.35574071,-2.80893709
overall,arb_Arab,rus_Cyrl,2.66100033,0.89828509,-1.76271524
overall,arb_Arab,tha_Thai,3.98259389,1.39140956,-2.59118433
overall,arb_Arab,zho_Hans,2.80513280,1.09468024,-1.71045256
overall,arb_Arab,jpn_Jpan,2.07379029,0.97336614,-1.10042415
overall,arb_Arab,kor_Hang,3.43844810,1.24787982,-2.19056828
overall,hin_Deva,guj_Gujr,6.15909766,1.92656018,-4.23253748
overall,hin_Deva,rus_Cyrl,2.92167577,1.11765293,-1.80402284
overall,hin_Deva,tha_Thai,4.92533987,1.62199313,-3.30334674
overall,hin_Deva,zho_Hans,3.27494288,1.24151104,-2.03343184
overall,hin_Deva,jpn_Jpan,2.27925685,1.06408417,-1.21517268
overall,hin_Deva,kor_Hang,4.43652850,1.52913624,-2.90739226
overall,guj_Gujr,rus_Cyrl,3.36785384,1.53585545,-1.83199839
overall,guj_Gujr,tha_Thai,5.89140778,2.27421466,-3.61719312
overall,guj_Gujr,zho_Hans,3.78871404,1.85544506,-1.93326898
overall,guj_Gujr,jpn_Jpan,2.86546302,1.24636477,-1.61909825
overall,guj_Gujr,kor_Hang,5.67107750,2.28280506,-3.38827244
overall,rus_Cyrl,tha_Thai,4.37154547,1.43283582,-2.93870965
overall,rus_Cyrl,zho_Hans,3.04471931,1.28015756,-1.76456175
overall,rus_Cyrl,jpn_Jpan,1.82989691,0.96895747,-0.86093944
overall,rus_Cyrl,kor_Hang,3.54019450,1.26443648,-2.27575802
overall,tha_Thai,zho_Hans,6.57994763,1.95370567,-4.62624196
overall,tha_Thai,jpn_Jpan,3.34420121,1.41751042,-1.92669079
overall,tha_Thai,kor_Hang,7.99614644,2.69485904,-5.30128740
overall,zho_Hans,jpn_Jpan,15.78947368,12.14894288,-3.64053080
overall,zho_Hans,kor_Hang,6.19330365,1.98019802,-4.21310563
overall,jpn_Jpan,kor_Hang,3.28420670,1.44563919,-1.83856751
sts,eng_Latn,deu_Latn,21.93094629,3.87212967,-18.05881662
sts,eng_Latn,nld_Latn,28.82450201,3.81679389,-25.00770812
sts,eng_Latn,spa_Latn,22.86655212,3.86715196,-18.99940016
sts,eng_Latn,fra_Latn,29.59531163,5.61747659,-23.97783504
sts,eng_Latn,ita_Latn,25.89240091,3.43612335,-22.45627756
sts,eng_Latn,ind_Latn,22.77916383,4.62854920,-18.15061463
sts,eng_Latn,pol_Latn,18.97840532,3.23266695,-15.74573837
sts,eng_Latn,tur_Latn,19.35413326,2.78139939,-16.57273387
sts,eng_Latn,arb_Arab,3.44107696,0.62552127,-2.81555569
sts,eng_Latn,hin_Deva,4.10970052,0.73118280,-3.37851772
sts,eng_Latn,guj_Gujr,4.65716745,4.85436893,0.19720148
sts,eng_Latn,rus_Cyrl,4.24133116,0.79840319,-3.44292797
sts,eng_Latn,zho_Hans,7.33458596,0.38314176,-6.95144420
sts,eng_Latn,jpn_Jpan,2.91586658,0.10598834,-2.80987824
sts,eng_Latn,kor_Hang,8.11722200,0.84182543,-7.27539657
sts,deu_Latn,nld_Latn,26.26518596,4.81481481,-21.45037115
sts,deu_Latn,spa_Latn,16.72478453,3.01065308,-13.71413145
sts,deu_Latn,fra_Latn,19.59483306,4.61956522,-14.97526784
sts,deu_Latn,ita_Latn,18.73043362,3.06168393,-15.66874969
sts,deu_Latn,ind_Latn,20.08424961,4.44620881,-15.63804080
sts,deu_Latn,pol_Latn,18.07429065,3.81411662,-14.26017403
sts,deu_Latn,tur_Latn,18.96975226,3.17673378,-15.79301848
sts,deu_Latn,arb_Arab,3.07543787,0.42662116,-2.64881671
sts,deu_Latn,hin_Deva,3.42640575,0.52840159,-2.89800416
sts,deu_Latn,guj_Gujr,3.88568338,0.82154267,-3.06414071
sts,deu_Latn,rus_Cyrl,4.09139513,0.73529412,-3.35610101
sts,deu_Latn,zho_Hans,6.97044017,0.30541012,-6.66503005
sts,deu_Latn,jpn_Jpan,2.63929619,0.05467469,-2.58462150
sts,deu_Latn,kor_Hang,7.30384292,0.63549705,-6.66834587
sts,nld_Latn,spa_Latn,20.23564483,2.78361345,-17.45203138
sts,nld_Latn,fra_Latn,24.57169316,3.60040568,-20.97128748
sts,nld_Latn,ita_Latn,23.13924051,3.16326531,-19.97597520
sts,nld_Latn,ind_Latn,22.71508465,3.32167832,-19.39340633
sts,nld_Latn,pol_Latn,20.05943536,3.44657804,-16.61285732
sts,nld_Latn,tur_Latn,20.12644106,3.24050633,-16.88593473
sts,nld_Latn,arb_Arab,3.21756895,0.24015370,-2.97741525
sts,nld_Latn,hin_Deva,3.61852951,0.29850746,-3.32002205
sts,nld_Latn,guj_Gujr,4.09708738,0.72614108,-3.37094630
sts,nld_Latn,rus_Cyrl,4.19856318,0.27359781,-3.92496537
sts,nld_Latn,zho_Hans,7.00088189,0.14785609,-6.85302580
sts,nld_Latn,jpn_Jpan,2.76215203,0.06402049,-2.69813154
sts,nld_Latn,kor_Hang,7.51745413,0.46367852,-7.05377561
sts,spa_Latn,fra_Latn,23.05345729,5.58891455,-17.46454274
sts,spa_Latn,ita_Latn,27.97242964,7.09219858,-20.88023106
sts,spa_Latn,ind_Latn,19.14984060,4.82509047,-14.32475013
sts,spa_Latn,pol_Latn,17.30375652,3.44218888,-13.86156764
sts,spa_Latn,tur_Latn,17.35668790,3.72727273,-13.62941517
sts,spa_Latn,arb_Arab,2.92659413,0.86580087,-2.06079326
sts,spa_Latn,hin_Deva,3.13946313,0.98345999,-2.15600314
sts,spa_Latn,guj_Gujr,3.56853933,1.48629819,-2.08224114
sts,spa_Latn,rus_Cyrl,3.92200933,1.20182346,-2.72018587
sts,spa_Latn,zho_Hans,6.24399000,0.75287865,-5.49111135
sts,spa_Latn,jpn_Jpan,2.38111436,0.11086475,-2.27024961
sts,spa_Latn,kor_Hang,6.45039036,1.10650069,-5.34388967
sts,fra_Latn,ita_Latn,25.83887657,5.28437080,-20.55450577
sts,fra_Latn,ind_Latn,19.43636770,4.74523532,-14.69113238
sts,fra_Latn,pol_Latn,17.60221760,4.20240137,-13.39981623
sts,fra_Latn,tur_Latn,17.82770443,3.72317127,-14.10453316
sts,fra_Latn,arb_Arab,3.02919974,0.79265749,-2.23654225
sts,fra_Latn,hin_Deva,3.16730943,0.77352815,-2.39378128
sts,fra_Latn,guj_Gujr,3.68365078,1.51989271,-2.16375807
sts,fra_Latn,rus_Cyrl,4.00822803,1.07956817,-2.92865986
sts,fra_Latn,zho_Hans,6.64548405,0.59650618,-6.04897787
sts,fra_Latn,jpn_Jpan,2.65072391,0.10582011,-2.54490380
sts,fra_Latn,kor_Hang,6.98651159,0.88534750,-6.10116409
sts,ita_Latn,ind_Latn,20.79759863,3.76699029,-17.03060834
sts,ita_Latn,pol_Latn,18.53917663,3.47938144,-15.05979519
sts,ita_Latn,tur_Latn,18.51259218,3.16483516,-15.34775702
sts,ita_Latn,arb_Arab,3.10742214,0.88458298,-2.22283916
sts,ita_Latn,hin_Deva,3.28548399,0.82429501,-2.46118898
sts,ita_Latn,guj_Gujr,3.69907076,1.44274121,-2.25632955
sts,ita_Latn,rus_Cyrl,4.05488659,1.00725222,-3.04763437
sts,ita_Latn,zho_Hans,6.59115633,0.60189166,-5.98926467
sts,ita_Latn,jpn_Jpan,2.68711407,0.05347594,-2.63363813
sts,ita_Latn,kor_Hang,6.97357462,0.84859312,-6.12498150
sts,ind_Latn,pol_Latn,19.64488636,4.52127660,-15.12360976
sts,ind_Latn,tur_Latn,22.64901676,3.94279088,-18.70622588
sts,ind_Latn,arb_Arab,3.19328968,0.77319588,-2.42009380
sts,ind_Latn,hin_Deva,3.50877193,0.83207262,-2.67669931
sts,ind_Latn,guj_Gujr,4.16666667,1.32916341,-2.83750326
sts,ind_Latn,rus_Cyrl,4.15481271,0.95676825,-3.19804446
sts,ind_Latn,zho_Hans,6.99343724,0.63789869,-6.35553855
sts,ind_Latn,jpn_Jpan,2.71193835,0.04520796,-2.66673039
sts,ind_Latn,kor_Hang,7.39013013,1.08864697,-6.30148316
sts,pol_Latn,tur_Latn,18.06550309,2.84018652,-15.22531657
sts,pol_Latn,arb_Arab,2.92096220,0.61000407,-2.31095813
sts,pol_Latn,hin_Deva,3.17240317,0.50188206,-2.67052111
sts,pol_Latn,guj_Gujr,3.55958038,1.04121475,-2.51836563
sts,pol_Latn,rus_Cyrl,3.97417906,0.89738588,-3.07679318
sts,pol_Latn,zho_Hans,6.23960067,0.45681063,-5.78279004
sts,pol_Latn,jpn_Jpan,2.48793420,0.10266940,-2.38526480
sts,pol_Latn,kor_Hang,6.54149001,0.77619664,-5.76529337
sts,tur_Latn,arb_Arab,3.19241983,0.58381985,-2.60859998
sts,tur_Latn,hin_Deva,3.67501648,0.51524259,-3.15977389
sts,tur_Latn,guj_Gujr,4.21400136,1.16019634,-3.05380502
sts,tur_Latn,rus_Cyrl,4.07335567,0.71827614,-3.35507953
sts,tur_Latn,zho_Hans,6.79296346,0.29787234,-6.49509112
sts,tur_Latn,jpn_Jpan,2.67117863,0.05299417,-2.61818446
sts,tur_Latn,kor_Hang,7.28450020,0.66371681,-6.62078339
sts,arb_Arab,hin_Deva,3.48268441,0.67425200,-2.80843241
sts,arb_Arab,guj_Gujr,4.16467780,0.56472632,-3.59995148
sts,arb_Arab,rus_Cyrl,2.66100033,0.86274510,-1.79825523
sts,arb_Arab,zho_Hans,2.80513280,0.29190992,-2.51322288
sts,arb_Arab,jpn_Jpan,2.07379029,0.05167959,-2.02211070
sts,arb_Arab,kor_Hang,3.43844810,0.69354140,-2.74490670
sts,hin_Deva,guj_Gujr,6.15909766,0.85393258,-5.30516508
sts,hin_Deva,rus_Cyrl,2.92167577,0.64386318,-2.27781259
sts,hin_Deva,zho_Hans,3.27494288,0.34393809,-2.93100479
sts,hin_Deva,jpn_Jpan,2.27925685,0.05364807,-2.22560878
sts,hin_Deva,kor_Hang,4.43652850,0.71556351,-3.72096499
sts,guj_Gujr,rus_Cyrl,3.36785384,0.66362505,-2.70422879
sts,guj_Gujr,zho_Hans,3.78871404,0.53380783,-3.25490621
sts,guj_Gujr,jpn_Jpan,2.86546302,0.05586592,-2.80959710
sts,guj_Gujr,kor_Hang,5.67107750,0.78667284,-4.88440466
sts,rus_Cyrl,zho_Hans,3.04471931,0.35885167,-2.68586764
sts,rus_Cyrl,jpn_Jpan,1.82989691,0.09775171,-1.73214520
sts,rus_Cyrl,kor_Hang,3.54019450,0.61983471,-2.92035979
sts,zho_Hans,jpn_Jpan,15.78947368,3.69349504,-12.09597864
sts,zho_Hans,kor_Hang,6.19330365,0.48737262,-5.70593103
sts,jpn_Jpan,kor_Hang,3.28420670,0.05561735,-3.22858935
retrieval,eng_Latn,deu_Latn,21.93094629,11.70842251,-10.22252378
retrieval,eng_Latn,nld_Latn,28.82450201,12.50497810,-16.31952391
retrieval,eng_Latn,swe_Latn,25.36534447,13.42229199,-11.94305248
retrieval,eng_Latn,spa_Latn,22.86655212,11.48604802,-11.38050410
retrieval,eng_Latn,fra_Latn,29.59531163,14.44572085,-15.14959078
retrieval,eng_Latn,ita_Latn,25.89240091,13.73138228,-12.16101863
retrieval,eng_Latn,por_Latn,24.12884334,12.82284231,-11.30600103
retrieval,eng_Latn,ron_Latn,27.26789242,10.65214504,-16.61574738
retrieval,eng_Latn,ind_Latn,22.77916383,12.04439400,-10.73476983
retrieval,eng_Latn,zsm_Latn,24.09535642,12.86068677,-11.23466965
retrieval,eng_Latn,tgl_Latn,30.50486099,12.88651942,-17.61834157
retrieval,eng_Latn,pol_Latn,18.97840532,9.49429846,-9.48410686
retrieval,eng_Latn,hun_Latn,18.38638468,6.91495815,-11.47142653
retrieval,eng_Latn,tur_Latn,19.35413326,10.60813332,-8.74599994
retrieval,eng_Latn,vie_Latn,22.99430279,4.81300300,-18.18129979
retrieval,eng_Latn,arb_Arab,3.44107696,1.35678392,-2.08429304
retrieval,eng_Latn,hin_Deva,4.10970052,1.77003885,-2.33966167
retrieval,eng_Latn,guj_Gujr,4.65716745,1.80254672,-2.85462073
retrieval,eng_Latn,rus_Cyrl,4.24133116,1.13323798,-3.10809318
retrieval,eng_Latn,tha_Thai,10.93658127,5.01903285,-5.91754842
retrieval,eng_Latn,zho_Hans,7.33458596,3.59096314,-3.74362282
retrieval,eng_Latn,jpn_Jpan,2.91586658,1.21703854,-1.69882804
retrieval,eng_Latn,kor_Hang,8.11722200,4.46453801,-3.65268399
retrieval,deu_Latn,nld_Latn,26.26518596,14.12720939,-12.13797657
retrieval,deu_Latn,swe_Latn,24.88691032,12.71661888,-12.17029144
retrieval,deu_Latn,spa_Latn,16.72478453,8.04195804,-8.68282649
retrieval,deu_Latn,fra_Latn,19.59483306,9.06119247,-10.53364059
retrieval,deu_Latn,ita_Latn,18.73043362,9.89223877,-8.83819485
retrieval,deu_Latn,por_Latn,17.95371990,9.13907285,-8.81464705
retrieval,deu_Latn,ron_Latn,19.89760620,9.00663911,-10.89096709
retrieval,deu_Latn,ind_Latn,20.08424961,12.19541763,-7.88883198
retrieval,deu_Latn,zsm_Latn,19.77433820,10.81745544,-8.95688276
retrieval,deu_Latn,tgl_Latn,21.47774208,9.14446003,-12.33328205
retrieval,deu_Latn,pol_Latn,18.07429065,8.89624985,-9.17804080
retrieval,deu_Latn,hun_Latn,18.35443038,8.41695195,-9.93747843
retrieval,deu_Latn,tur_Latn,18.96975226,9.61902508,-9.35072718
retrieval,deu_Latn,vie_Latn,19.03030303,4.60918854,-14.42111449
retrieval,deu_Latn,arb_Arab,3.07543787,1.12642301,-1.94901486
retrieval,deu_Latn,hin_Deva,3.42640575,1.26530612,-2.16109963
retrieval,deu_Latn,guj_Gujr,3.88568338,1.36667184,-2.51901154
retrieval,deu_Latn,rus_Cyrl,4.09139513,0.99271306,-3.09868207
retrieval,deu_Latn,tha_Thai,9.75240825,4.16944185,-5.58296640
retrieval,deu_Latn,zho_Hans,6.97044017,3.33333333,-3.63710684
retrieval,deu_Latn,jpn_Jpan,2.63929619,1.19912791,-1.44016828
retrieval,deu_Latn,kor_Hang,7.30384292,4.07452084,-3.22932208
retrieval,nld_Latn,swe_Latn,26.91807542,12.24675325,-14.67132217
retrieval,nld_Latn,spa_Latn,20.23564483,8.33755061,-11.89809422
retrieval,nld_Latn,fra_Latn,24.57169316,9.16712479,-15.40456837
retrieval,nld_Latn,ita_Latn,23.13924051,9.23967774,-13.89956277
retrieval,nld_Latn,por_Latn,21.27844615,8.63733233,-12.64111382
retrieval,nld_Latn,ron_Latn,24.33428614,11.95901308,-12.37527306
retrieval,nld_Latn,ind_Latn,22.71508465,12.48412497,-10.23095968
retrieval,nld_Latn,zsm_Latn,22.27653631,9.92473530,-12.35180101
retrieval,nld_Latn,tgl_Latn,25.25747508,8.66813834,-16.58933674
retrieval,nld_Latn,pol_Latn,20.05943536,8.20739649,-11.85203887
retrieval,nld_Latn,hun_Latn,19.85240392,10.79445145,-9.05795247
retrieval,nld_Latn,tur_Latn,20.12644106,8.26617827,-11.86026279
retrieval,nld_Latn,vie_Latn,21.29473487,6.00961538,-15.28511949
retrieval,nld_Latn,arb_Arab,3.21756895,1.03028019,-2.18728876
retrieval,nld_Latn,hin_Deva,3.61852951,1.19218615,-2.42634336
retrieval,nld_Latn,guj_Gujr,4.09708738,1.20541612,-2.89167126
retrieval,nld_Latn,rus_Cyrl,4.19856318,1.40517814,-2.79338504
retrieval,nld_Latn,tha_Thai,10.47303046,3.86230059,-6.61072987
retrieval,nld_Latn,zho_Hans,7.00088189,2.89065277,-4.11022912
retrieval,nld_Latn,jpn_Jpan,2.76215203,0.97715736,-1.78499467
retrieval,nld_Latn,kor_Hang,7.51745413,3.13593728,-4.38151685
retrieval,swe_Latn,spa_Latn,19.45054945,9.69438878,-9.75616067
retrieval,swe_Latn,fra_Latn,22.40171129,10.88704183,-11.51466946
retrieval,swe_Latn,ita_Latn,21.82642036,11.93389681,-9.89252355
retrieval,swe_Latn,por_Latn,20.27433690,10.15663849,-10.11769841
retrieval,swe_Latn,ron_Latn,22.62420566,9.00346287,-13.62074279
retrieval,swe_Latn,ind_Latn,22.79132185,12.09907121,-10.69225064
retrieval,swe_Latn,zsm_Latn,22.31024596,12.48404391,-9.82620205
retrieval,swe_Latn,tgl_Latn,24.63291342,10.96632504,-13.66658838
retrieval,swe_Latn,pol_Latn,20.19595667,10.21057786,-9.98537881
retrieval,swe_Latn,hun_Latn,20.69459363,8.45308538,-12.24150825
retrieval,swe_Latn,tur_Latn,20.56495534,10.90441806,-9.66053728
retrieval,swe_Latn,vie_Latn,19.45261656,4.27193385,-15.18068271
retrieval,swe_Latn,arb_Arab,3.07116634,1.26644535,-1.80472099
retrieval,swe_Latn,hin_Deva,3.36534646,1.52853737,-1.83680909
retrieval,swe_Latn,guj_Gujr,3.88620305,1.55773246,-2.32847059
retrieval,swe_Latn,rus_Cyrl,4.07180134,1.04717694,-3.02462440
retrieval,swe_Latn,tha_Thai,9.70770738,4.47126594,-5.23644144
retrieval,swe_Latn,zho_Hans,6.70831963,3.25581395,-3.45250568
retrieval,swe_Latn,jpn_Jpan,2.59613371,1.06620382,-1.52992989
retrieval,swe_Latn,kor_Hang,7.24297236,3.44733242,-3.79563994
retrieval,spa_Latn,fra_Latn,23.05345729,11.19083759,-11.86261970
retrieval,spa_Latn,ita_Latn,27.97242964,15.83454090,-12.13788874
retrieval,spa_Latn,por_Latn,40.41803476,23.20752070,-17.21051406
retrieval,spa_Latn,ron_Latn,27.50349496,10.39863624,-17.10485872
retrieval,spa_Latn,ind_Latn,19.14984060,9.58837181,-9.56146879
retrieval,spa_Latn,zsm_Latn,19.30115274,9.76744186,-9.53371088
retrieval,spa_Latn,tgl_Latn,22.97506582,10.78445856,-12.19060726
retrieval,spa_Latn,pol_Latn,17.30375652,8.88454967,-8.41920685
retrieval,spa_Latn,hun_Latn,18.05517431,6.89323886,-11.16193545
retrieval,spa_Latn,tur_Latn,17.35668790,8.72775693,-8.62893097
retrieval,spa_Latn,vie_Latn,18.47797983,4.48688092,-13.99109891
retrieval,spa_Latn,arb_Arab,2.92659413,1.21618268,-1.71041145
retrieval,spa_Latn,hin_Deva,3.13946313,1.51708493,-1.62237820
retrieval,spa_Latn,guj_Gujr,3.56853933,1.52845528,-2.04008405
retrieval,spa_Latn,rus_Cyrl,3.92200933,0.77098491,-3.15102442
retrieval,spa_Latn,tha_Thai,8.96371828,3.53021978,-5.43349850
retrieval,spa_Latn,zho_Hans,6.24399000,2.82776350,-3.41622650
retrieval,spa_Latn,jpn_Jpan,2.38111436,0.95047524,-1.43063912
retrieval,spa_Latn,kor_Hang,6.45039036,2.78884462,-3.66154574
retrieval,fra_Latn,ita_Latn,25.83887657,13.02724381,-12.81163276
retrieval,fra_Latn,por_Latn,24.17272592,12.36403690,-11.80868902
retrieval,fra_Latn,ron_Latn,25.69190998,9.45964912,-16.23226086
retrieval,fra_Latn,ind_Latn,19.43636770,8.65096917,-10.78539853
retrieval,fra_Latn,zsm_Latn,19.68258790,9.09090909,-10.59167881
retrieval,fra_Latn,tgl_Latn,22.35742679,10.02879079,-12.32863600
retrieval,fra_Latn,pol_Latn,17.60221760,8.49451124,-9.10770636
retrieval,fra_Latn,hun_Latn,18.41345460,6.87919463,-11.53425997
retrieval,fra_Latn,tur_Latn,17.82770443,7.95249161,-9.87521282
retrieval,fra_Latn,vie_Latn,20.10945181,4.73088790,-15.37856391
retrieval,fra_Latn,arb_Arab,3.02919974,1.16794201,-1.86125773
retrieval,fra_Latn,hin_Deva,3.16730943,1.52126669,-1.64604274
retrieval,fra_Latn,guj_Gujr,3.68365078,1.55290719,-2.13074359
retrieval,fra_Latn,rus_Cyrl,4.00822803,0.87361677,-3.13461126
retrieval,fra_Latn,tha_Thai,9.60418601,3.71869846,-5.88548755
retrieval,fra_Latn,zho_Hans,6.64548405,2.84133769,-3.80414636
retrieval,fra_Latn,jpn_Jpan,2.65072391,1.04406780,-1.60665611
retrieval,fra_Latn,kor_Hang,6.98651159,3.21901324,-3.76749835
retrieval,ita_Latn,por_Latn,29.11689263,16.73008791,-12.38680472
retrieval,ita_Latn,ron_Latn,30.31731777,11.64311879,-18.67419898
retrieval,ita_Latn,ind_Latn,20.79759863,10.50711419,-10.29048444
retrieval,ita_Latn,zsm_Latn,20.38336347,10.60132517,-9.78203830
retrieval,ita_Latn,tgl_Latn,24.05781335,11.00743549,-13.05037786
retrieval,ita_Latn,pol_Latn,18.53917663,9.32736511,-9.21181152
retrieval,ita_Latn,hun_Latn,18.08866726,6.63512714,-11.45354012
retrieval,ita_Latn,tur_Latn,18.51259218,9.69492343,-8.81766875
retrieval,ita_Latn,vie_Latn,19.36653146,4.71164143,-14.65489003
retrieval,ita_Latn,arb_Arab,3.10742214,1.24862284,-1.85879930
retrieval,ita_Latn,hin_Deva,3.28548399,1.47858837,-1.80689562
retrieval,ita_Latn,guj_Gujr,3.69907076,1.64641944,-2.05265132
retrieval,ita_Latn,rus_Cyrl,4.05488659,0.82635759,-3.22852900
retrieval,ita_Latn,tha_Thai,9.45466025,4.30752454,-5.14713571
retrieval,ita_Latn,zho_Hans,6.59115633,3.23066234,-3.36049399
retrieval,ita_Latn,jpn_Jpan,2.68711407,1.18650352,-1.50061055
retrieval,ita_Latn,kor_Hang,6.97357462,3.33242655,-3.64114807
retrieval,por_Latn,ron_Latn,27.96502504,11.25326371,-16.71176133
retrieval,por_Latn,ind_Latn,20.23740591,10.37460472,-9.86280119
retrieval,por_Latn,zsm_Latn,20.29571870,10.43750000,-9.85821870
retrieval,por_Latn,tgl_Latn,23.37662338,11.79411765,-11.58250573
retrieval,por_Latn,pol_Latn,17.90533736,9.50012133,-8.40521603
retrieval,por_Latn,hun_Latn,18.74388710,7.52328636,-11.22060074
retrieval,por_Latn,tur_Latn,18.28070919,9.62954024,-8.65116895
retrieval,por_Latn,vie_Latn,20.12952449,5.38247995,-14.74704454
retrieval,por_Latn,arb_Arab,3.19215961,1.34985888,-1.84230073
retrieval,por_Latn,hin_Deva,3.44150232,1.60884163,-1.83266069
retrieval,por_Latn,guj_Gujr,3.87369194,1.61703490,-2.25665704
retrieval,por_Latn,rus_Cyrl,4.02707468,0.88162563,-3.14544905
retrieval,por_Latn,tha_Thai,9.56107794,4.08719346,-5.47388448
retrieval,por_Latn,zho_Hans,6.52131468,3.49918624,-3.02212844
retrieval,por_Latn,jpn_Jpan,2.53523073,1.17574257,-1.35948816
retrieval,por_Latn,kor_Hang,6.98105914,3.49297312,-3.48808602
retrieval,ron_Latn,ind_Latn,22.84366577,11.13520408,-11.70846169
retrieval,ron_Latn,zsm_Latn,22.12978369,9.34314105,-12.78664264
retrieval,ron_Latn,tgl_Latn,24.31693989,8.20505156,-16.11188833
retrieval,ron_Latn,pol_Latn,21.21656540,7.64165010,-13.57491530
retrieval,ron_Latn,hun_Latn,19.19363998,10.38446800,-8.80917198
retrieval,ron_Latn,tur_Latn,20.45735926,7.50554597,-12.95181329
retrieval,ron_Latn,vie_Latn,20.70963070,6.23871286,-14.47091784
retrieval,ron_Latn,arb_Arab,3.17268791,0.81705604,-2.35563187
retrieval,ron_Latn,hin_Deva,3.48131587,0.89181287,-2.58950300
retrieval,ron_Latn,guj_Gujr,3.90909941,0.97857263,-2.93052678
retrieval,ron_Latn,rus_Cyrl,4.16450665,1.23442936,-2.93007729
retrieval,ron_Latn,tha_Thai,9.73988676,3.11703032,-6.62285644
retrieval,ron_Latn,zho_Hans,6.72213418,2.36097795,-4.36115623
retrieval,ron_Latn,jpn_Jpan,2.59321559,0.83892617,-1.75428942
retrieval,ron_Latn,kor_Hang,7.20295667,2.78924150,-4.41371517
retrieval,ind_Latn,zsm_Latn,61.82345027,38.47806075,-23.34538952
retrieval,ind_Latn,tgl_Latn,31.72772103,14.40105696,-17.32666407
retrieval,ind_Latn,pol_Latn,19.64488636,9.23313974,-10.41174662
retrieval,ind_Latn,hun_Latn,19.63406569,9.59475566,-10.03931003
retrieval,ind_Latn,tur_Latn,22.64901676,11.81292189,-10.83609487
retrieval,ind_Latn,vie_Latn,21.56398104,5.54470323,-16.01927781
retrieval,ind_Latn,arb_Arab,3.19328968,1.19760479,-1.99568489
retrieval,ind_Latn,hin_Deva,3.50877193,1.53929982,-1.96947211
retrieval,ind_Latn,guj_Gujr,4.16666667,1.50597733,-2.66068934
retrieval,ind_Latn,rus_Cyrl,4.15481271,1.21577334,-2.93903937
retrieval,ind_Latn,tha_Thai,10.32678617,4.44118432,-5.88560185
retrieval,ind_Latn,zho_Hans,6.99343724,3.70623788,-3.28719936
retrieval,ind_Latn,jpn_Jpan,2.71193835,1.11191685,-1.60002150
retrieval,ind_Latn,kor_Hang,7.39013013,3.98502273,-3.40510740
retrieval,zsm_Latn,tgl_Latn,32.62360159,15.13719512,-17.48640647
retrieval,zsm_Latn,pol_Latn,19.11669659,9.29014976,-9.82654683
retrieval,zsm_Latn,hun_Latn,19.78169856,8.70356883,-11.07812973
retrieval,zsm_Latn,tur_Latn,22.62830482,12.62619968,-10.00210514
retrieval,zsm_Latn,vie_Latn,22.94296057,4.48174958,-18.46121099
retrieval,zsm_Latn,arb_Arab,3.45708703,1.29549661,-2.16159042
retrieval,zsm_Latn,hin_Deva,4.23257802,1.77765237,-2.45492565
retrieval,zsm_Latn,guj_Gujr,4.70838396,1.67904424,-3.02933972
retrieval,zsm_Latn,rus_Cyrl,4.15689105,1.19254120,-2.96434985
retrieval,zsm_Latn,tha_Thai,10.95070423,5.41591446,-5.53478977
retrieval,zsm_Latn,zho_Hans,7.26132404,3.60402527,-3.65729877
retrieval,zsm_Latn,jpn_Jpan,2.95471418,1.19551681,-1.75919737
retrieval,zsm_Latn,kor_Hang,7.87487420,3.74449339,-4.13038081
retrieval,tgl_Latn,pol_Latn,21.44274809,10.45649073,-10.98625736
retrieval,tgl_Latn,hun_Latn,20.99992114,7.41410488,-13.58581626
retrieval,tgl_Latn,tur_Latn,24.30607034,11.66285060,-12.64321974
retrieval,tgl_Latn,vie_Latn,24.88706797,5.33206831,-19.55499966
retrieval,tgl_Latn,arb_Arab,3.70839937,1.27739875,-2.43100062
retrieval,tgl_Latn,hin_Deva,4.41723356,1.71768707,-2.69954649
retrieval,tgl_Latn,guj_Gujr,5.22704998,1.76813341,-3.45891657
retrieval,tgl_Latn,rus_Cyrl,4.40567340,0.94704050,-3.45863290
retrieval,tgl_Latn,tha_Thai,11.61441273,3.82103201,-7.79338072
retrieval,tgl_Latn,zho_Hans,7.81066823,3.20964247,-4.60102576
retrieval,tgl_Latn,jpn_Jpan,3.09520088,1.10002933,-1.99517155
retrieval,tgl_Latn,kor_Hang,8.41711896,3.37871084,-5.03840812
retrieval,pol_Latn,hun_Latn,18.35290885,6.87156714,-11.48134171
retrieval,pol_Latn,tur_Latn,18.06550309,9.02859844,-9.03690465
retrieval,pol_Latn,vie_Latn,17.05472468,3.76432079,-13.29040389
retrieval,pol_Latn,arb_Arab,2.92096220,1.01010101,-1.91086119
retrieval,pol_Latn,hin_Deva,3.17240317,1.52200740,-1.65039577
retrieval,pol_Latn,guj_Gujr,3.55958038,1.37500000,-2.18458038
retrieval,pol_Latn,rus_Cyrl,3.97417906,0.86846007,-3.10571899
retrieval,pol_Latn,tha_Thai,8.83233533,3.53958749,-5.29274784
retrieval,pol_Latn,zho_Hans,6.23960067,3.01856703,-3.22103364
retrieval,pol_Latn,jpn_Jpan,2.48793420,1.00813798,-1.47979622
retrieval,pol_Latn,kor_Hang,6.54149001,3.33021265,-3.21127736
retrieval,hun_Latn,tur_Latn,19.72283005,7.85002929,-11.87280076
retrieval,hun_Latn,vie_Latn,19.47182780,6.12026862,-13.35155918
retrieval,hun_Latn,arb_Arab,3.12008015,0.79393721,-2.32614294
retrieval,hun_Latn,hin_Deva,3.46662367,0.91580098,-2.55082269
retrieval,hun_Latn,guj_Gujr,3.94587434,1.12587959,-2.81999475
retrieval,hun_Latn,rus_Cyrl,4.24333894,1.59290143,-2.65043751
retrieval,hun_Latn,tha_Thai,9.67795347,3.09552278,-6.58243069
retrieval,hun_Latn,zho_Hans,6.75720658,2.59238204,-4.16482454
retrieval,hun_Latn,jpn_Jpan,2.68166702,0.82654674,-1.85512028
retrieval,hun_Latn,kor_Hang,7.06246037,2.63753830,-4.42492207
retrieval,tur_Latn,vie_Latn,20.21523332,4.39299495,-15.82223837
retrieval,tur_Latn,arb_Arab,3.19241983,1.30523291,-1.88718692
retrieval,tur_Latn,hin_Deva,3.67501648,1.73095271,-1.94406377
retrieval,tur_Latn,guj_Gujr,4.21400136,1.67701863,-2.53698273
retrieval,tur_Latn,rus_Cyrl,4.07335567,1.06506380,-3.00829187
retrieval,tur_Latn,tha_Thai,10.01439093,4.65830219,-5.35608874
retrieval,tur_Latn,zho_Hans,6.79296346,3.57224118,-3.22072228
retrieval,tur_Latn,jpn_Jpan,2.67117863,1.17163909,-1.49953954
retrieval,tur_Latn,kor_Hang,7.28450020,3.35855569,-3.92594451
retrieval,vie_Latn,arb_Arab,4.34368451,0.97592713,-3.36775738
retrieval,vie_Latn,hin_Deva,5.13452915,1.28254955,-3.85197960
retrieval,vie_Latn,guj_Gujr,6.25176404,1.60832545,-4.64343859
retrieval,vie_Latn,rus_Cyrl,5.10218872,1.34070491,-3.76148381
retrieval,vie_Latn,tha_Thai,14.00628711,2.28770132,-11.71858579
retrieval,vie_Latn,zho_Hans,8.67311679,1.99464126,-6.67847553
retrieval,vie_Latn,jpn_Jpan,3.54968624,0.92287409,-2.62681215
retrieval,vie_Latn,kor_Hang,9.89503608,1.87776141,-8.01727467
retrieval,arb_Arab,hin_Deva,3.48268441,1.32804152,-2.15464289
retrieval,arb_Arab,guj_Gujr,4.16467780,1.20268836,-2.96198944
retrieval,arb_Arab,rus_Cyrl,2.66100033,0.58573562,-2.07526471
retrieval,arb_Arab,tha_Thai,3.98259389,1.35818523,-2.62440866
retrieval,arb_Arab,zho_Hans,2.80513280,1.18567412,-1.61945868
retrieval,arb_Arab,jpn_Jpan,2.07379029,0.77415910,-1.29963119
retrieval,arb_Arab,kor_Hang,3.43844810,1.26582278,-2.17262532
retrieval,hin_Deva,guj_Gujr,6.15909766,1.89736956,-4.26172810
retrieval,hin_Deva,rus_Cyrl,2.92167577,0.75285566,-2.16882011
retrieval,hin_Deva,tha_Thai,4.92533987,1.65512582,-3.27021405
retrieval,hin_Deva,zho_Hans,3.27494288,1.49128920,-1.78365368
retrieval,hin_Deva,jpn_Jpan,2.27925685,0.79975392,-1.47950293
retrieval,hin_Deva,kor_Hang,4.43652850,1.68797954,-2.74854896
retrieval,guj_Gujr,rus_Cyrl,3.36785384,0.72090628,-2.64694756
retrieval,guj_Gujr,tha_Thai,5.89140778,1.93767479,-3.95373299
retrieval,guj_Gujr,zho_Hans,3.78871404,1.46636914,-2.32234490
retrieval,guj_Gujr,jpn_Jpan,2.86546302,0.85867621,-2.00678681
retrieval,guj_Gujr,kor_Hang,5.67107750,1.73317211,-3.93790539
retrieval,rus_Cyrl,tha_Thai,4.37154547,0.90503347,-3.46651200
retrieval,rus_Cyrl,zho_Hans,3.04471931,0.85818494,-2.18653437
retrieval,rus_Cyrl,jpn_Jpan,1.82989691,0.42838949,-1.40150742
retrieval,rus_Cyrl,kor_Hang,3.54019450,1.02474381,-2.51545069
retrieval,tha_Thai,zho_Hans,6.57994763,2.84678394,-3.73316369
retrieval,tha_Thai,jpn_Jpan,3.34420121,1.16771274,-2.17648847
retrieval,tha_Thai,kor_Hang,7.99614644,3.35778321,-4.63836323
retrieval,zho_Hans,jpn_Jpan,15.78947368,12.10835956,-3.68111412
retrieval,zho_Hans,kor_Hang,6.19330365,3.04919366,-3.14410999
retrieval,jpn_Jpan,kor_Hang,3.28420670,1.43088951,-1.85331719
classification,eng_Latn,deu_Latn,21.93094629,17.41221741,-4.51872888
classification,eng_Latn,nld_Latn,28.82450201,18.43011811,-10.39438390
classification,eng_Latn,swe_Latn,25.36534447,15.49740582,-9.86793865
classification,eng_Latn,spa_Latn,22.86655212,13.68888889,-9.17766323
classification,eng_Latn,fra_Latn,29.59531163,17.56892231,-12.02638932
classification,eng_Latn,ita_Latn,25.89240091,13.21225880,-12.68014211
classification,eng_Latn,por_Latn,24.12884334,13.53572244,-10.59312090
classification,eng_Latn,ron_Latn,27.26789242,14.73684211,-12.53105031
classification,eng_Latn,ind_Latn,22.77916383,13.92882395,-8.85033988
classification,eng_Latn,zsm_Latn,24.09535642,13.18298070,-10.91237572
classification,eng_Latn,tgl_Latn,30.50486099,19.75597092,-10.74889007
classification,eng_Latn,pol_Latn,18.97840532,12.57191562,-6.40648970
classification,eng_Latn,hun_Latn,18.38638468,9.14517161,-9.24121307
classification,eng_Latn,tur_Latn,19.35413326,10.65452235,-8.69961091
classification,eng_Latn,vie_Latn,22.99430279,8.86146943,-14.13283336
classification,eng_Latn,arb_Arab,3.44107696,5.41026153,1.96918457
classification,eng_Latn,hin_Deva,4.10970052,4.84016209,0.73046157
classification,eng_Latn,guj_Gujr,4.65716745,0.82358041,-3.83358704
classification,eng_Latn,rus_Cyrl,4.24133116,1.95326762,-2.28806354
classification,eng_Latn,tha_Thai,10.93658127,2.46885617,-8.46772510
classification,eng_Latn,zho_Hans,7.33458596,0.99840256,-6.33618340
classification,eng_Latn,jpn_Jpan,2.91586658,3.18237454,0.26650796
classification,eng_Latn,kor_Hang,8.11722200,1.19127894,-6.92594306
classification,deu_Latn,nld_Latn,26.26518596,18.28188562,-7.98330034
classification,deu_Latn,swe_Latn,24.88691032,15.46074335,-9.42616697
classification,deu_Latn,spa_Latn,16.72478453,9.86387435,-6.86091018
classification,deu_Latn,fra_Latn,19.59483306,12.56128882,-7.03354424
classification,deu_Latn,ita_Latn,18.73043362,10.56611927,-8.16431435
classification,deu_Latn,por_Latn,17.95371990,10.38062284,-7.57309706
classification,deu_Latn,ron_Latn,19.89760620,11.29237288,-8.60523332
classification,deu_Latn,ind_Latn,20.08424961,11.25056029,-8.83368932
classification,deu_Latn,zsm_Latn,19.77433820,9.89445910,-9.87987910
classification,deu_Latn,tgl_Latn,21.47774208,12.79429251,-8.68344957
classification,deu_Latn,pol_Latn,18.07429065,10.17708121,-7.89720944
classification,deu_Latn,hun_Latn,18.35443038,8.98899730,-9.36543308
classification,deu_Latn,tur_Latn,18.96975226,9.93839836,-9.03135390
classification,deu_Latn,vie_Latn,19.03030303,6.75891432,-12.27138871
classification,deu_Latn,arb_Arab,3.07543787,3.08689024,0.01145237
classification,deu_Latn,hin_Deva,3.42640575,2.48340826,-0.94299749
classification,deu_Latn,guj_Gujr,3.88568338,0.63131313,-3.25437025
classification,deu_Latn,rus_Cyrl,4.09139513,1.56388840,-2.52750673
classification,deu_Latn,tha_Thai,9.75240825,2.10618692,-7.64622133
classification,deu_Latn,zho_Hans,6.97044017,0.73786408,-6.23257609
classification,deu_Latn,jpn_Jpan,2.63929619,2.50938550,-0.12991069
classification,deu_Latn,kor_Hang,7.30384292,1.11329404,-6.19054888
classification,nld_Latn,swe_Latn,26.91807542,14.09381194,-12.82426348
classification,nld_Latn,spa_Latn,20.23564483,10.73796791,-9.49767692
classification,nld_Latn,fra_Latn,24.57169316,13.33174338,-11.23994978
classification,nld_Latn,ita_Latn,23.13924051,10.89630931,-12.24293120
classification,nld_Latn,por_Latn,21.27844615,10.51360843,-10.76483772
classification,nld_Latn,ron_Latn,24.33428614,11.89294194,-12.44134420
classification,nld_Latn,ind_Latn,22.71508465,11.35122839,-11.36385626
classification,nld_Latn,zsm_Latn,22.27653631,10.14525140,-12.13128491
classification,nld_Latn,tgl_Latn,25.25747508,13.50169985,-11.75577523
classification,nld_Latn,pol_Latn,20.05943536,11.21748179,-8.84195357
classification,nld_Latn,hun_Latn,19.85240392,8.79882402,-11.05357990
classification,nld_Latn,tur_Latn,20.12644106,9.98959417,-10.13684689
classification,nld_Latn,vie_Latn,21.29473487,6.56756757,-14.72716730
classification,nld_Latn,arb_Arab,3.21756895,3.50775194,0.29018299
classification,nld_Latn,hin_Deva,3.61852951,2.90076336,-0.71776615
classification,nld_Latn,guj_Gujr,4.09708738,0.74818298,-3.34890440
classification,nld_Latn,rus_Cyrl,4.19856318,1.49200072,-2.70656246
classification,nld_Latn,tha_Thai,10.47303046,2.09307504,-8.37995542
classification,nld_Latn,zho_Hans,7.00088189,0.60927673,-6.39160516
classification,nld_Latn,jpn_Jpan,2.76215203,2.58517034,-0.17698169
classification,nld_Latn,kor_Hang,7.51745413,1.01837503,-6.49907910
classification,swe_Latn,spa_Latn,19.45054945,10.43093033,-9.01961912
classification,swe_Latn,fra_Latn,22.40171129,10.74868651,-11.65302478
classification,swe_Latn,ita_Latn,21.82642036,10.54913295,-11.27728741
classification,swe_Latn,por_Latn,20.27433690,10.23524556,-10.03909134
classification,swe_Latn,ron_Latn,22.62420566,10.88449111,-11.73971455
classification,swe_Latn,ind_Latn,22.79132185,11.17760205,-11.61371980
classification,swe_Latn,zsm_Latn,22.31024596,11.02629347,-11.28395249
classification,swe_Latn,tgl_Latn,24.63291342,12.53953909,-12.09337433
classification,swe_Latn,pol_Latn,20.19595667,10.67371720,-9.52223947
classification,swe_Latn,hun_Latn,20.69459363,9.38808053,-11.30651310
classification,swe_Latn,tur_Latn,20.56495534,10.36116045,-10.20379489
classification,swe_Latn,vie_Latn,19.45261656,6.01147418,-13.44114238
classification,swe_Latn,arb_Arab,3.07116634,2.87795993,-0.19320641
classification,swe_Latn,hin_Deva,3.36534646,2.50917993,-0.85616653
classification,swe_Latn,guj_Gujr,3.88620305,0.66172047,-3.22448258
classification,swe_Latn,rus_Cyrl,4.07180134,1.56969800,-2.50210334
classification,swe_Latn,tha_Thai,9.70770738,1.74708819,-7.96061919
classification,swe_Latn,zho_Hans,6.70831963,0.76137419,-5.94694544
classification,swe_Latn,jpn_Jpan,2.59613371,2.39667862,-0.19945509
classification,swe_Latn,kor_Hang,7.24297236,1.14226376,-6.10070860
classification,spa_Latn,fra_Latn,23.05345729,11.71270718,-11.34075011
classification,spa_Latn,ita_Latn,27.97242964,14.65609599,-13.31633365
classification,spa_Latn,por_Latn,40.41803476,23.19409185,-17.22394291
classification,spa_Latn,ron_Latn,27.50349496,13.62600953,-13.87748543
classification,spa_Latn,ind_Latn,19.14984060,10.22052587,-8.92931473
classification,spa_Latn,zsm_Latn,19.30115274,10.75359865,-8.54755409
classification,spa_Latn,tgl_Latn,22.97506582,12.37299616,-10.60206966
classification,spa_Latn,pol_Latn,17.30375652,9.86381323,-7.43994329
classification,spa_Latn,hun_Latn,18.05517431,9.00417412,-9.05100019
classification,spa_Latn,tur_Latn,17.35668790,9.14062500,-8.21606290
classification,spa_Latn,vie_Latn,18.47797983,6.46940822,-12.00857161
classification,spa_Latn,arb_Arab,2.92659413,2.78637771,-0.14021642
classification,spa_Latn,hin_Deva,3.13946313,2.17745218,-0.96201095
classification,spa_Latn,guj_Gujr,3.56853933,0.66225166,-2.90628767
classification,spa_Latn,rus_Cyrl,3.92200933,1.55343121,-2.36857812
classification,spa_Latn,tha_Thai,8.96371828,1.83333333,-7.13038495
classification,spa_Latn,zho_Hans,6.24399000,0.78066914,-5.46332086
classification,spa_Latn,jpn_Jpan,2.38111436,2.32119268,-0.05992168
classification,spa_Latn,kor_Hang,6.45039036,1.10118429,-5.34920607
classification,fra_Latn,ita_Latn,25.83887657,11.80208806,-14.03678851
classification,fra_Latn,por_Latn,24.17272592,11.40589569,-12.76683023
classification,fra_Latn,ron_Latn,25.69190998,12.51389198,-13.17801800
classification,fra_Latn,ind_Latn,19.43636770,9.69891979,-9.73744791
classification,fra_Latn,zsm_Latn,19.68258790,9.42408377,-10.25850413
classification,fra_Latn,tgl_Latn,22.35742679,11.92525203,-10.43217476
classification,fra_Latn,pol_Latn,17.60221760,8.83701542,-8.76520218
classification,fra_Latn,hun_Latn,18.41345460,8.58553338,-9.82792122
classification,fra_Latn,tur_Latn,17.82770443,9.08514684,-8.74255759
classification,fra_Latn,vie_Latn,20.10945181,6.88111888,-13.22833293
classification,fra_Latn,arb_Arab,3.02919974,2.99980264,-0.02939710
classification,fra_Latn,hin_Deva,3.16730943,2.70391061,-0.46339882
classification,fra_Latn,guj_Gujr,3.68365078,0.70190831,-2.98174247
classification,fra_Latn,rus_Cyrl,4.00822803,1.48814992,-2.52007811
classification,fra_Latn,tha_Thai,9.60418601,2.08142726,-7.52275875
classification,fra_Latn,zho_Hans,6.64548405,0.76628352,-5.87920053
classification,fra_Latn,jpn_Jpan,2.65072391,2.52359458,-0.12712933
classification,fra_Latn,kor_Hang,6.98651159,1.11566485,-5.87084674
classification,ita_Latn,por_Latn,29.11689263,15.06516457,-14.05172806
classification,ita_Latn,ron_Latn,30.31731777,14.17004049,-16.14727728
classification,ita_Latn,ind_Latn,20.79759863,9.83748646,-10.96011217
classification,ita_Latn,zsm_Latn,20.38336347,9.81278244,-10.57058103
classification,ita_Latn,tgl_Latn,24.05781335,10.71020781,-13.34760554
classification,ita_Latn,pol_Latn,18.53917663,9.18084685,-9.35832978
classification,ita_Latn,hun_Latn,18.08866726,7.85498489,-10.23368237
classification,ita_Latn,tur_Latn,18.51259218,8.85343968,-9.65915250
classification,ita_Latn,vie_Latn,19.36653146,6.43743537,-12.92909609
classification,ita_Latn,arb_Arab,3.10742214,2.50929368,-0.59812846
classification,ita_Latn,hin_Deva,3.28548399,2.38593554,-0.89954845
classification,ita_Latn,guj_Gujr,3.69907076,0.63838550,-3.06068526
classification,ita_Latn,rus_Cyrl,4.05488659,1.53524075,-2.51964584
classification,ita_Latn,tha_Thai,9.45466025,1.73150919,-7.72315106
classification,ita_Latn,zho_Hans,6.59115633,0.72312084,-5.86803549
classification,ita_Latn,jpn_Jpan,2.68711407,2.28019324,-0.40692083
classification,ita_Latn,kor_Hang,6.97357462,0.93756659,-6.03600803
classification,por_Latn,ron_Latn,27.96502504,12.71615352,-15.24887152
classification,por_Latn,ind_Latn,20.23740591,9.91304348,-10.32436243
classification,por_Latn,zsm_Latn,20.29571870,9.58019376,-10.71552494
classification,por_Latn,tgl_Latn,23.37662338,11.50830258,-11.86832080
classification,por_Latn,pol_Latn,17.90533736,9.59585905,-8.30947831
classification,por_Latn,hun_Latn,18.74388710,8.57723577,-10.16665133
classification,por_Latn,tur_Latn,18.28070919,8.74600639,-9.53470280
classification,por_Latn,vie_Latn,20.12952449,6.51440436,-13.61512013
classification,por_Latn,arb_Arab,3.19215961,2.70673885,-0.48542076
classification,por_Latn,hin_Deva,3.44150232,2.34948605,-1.09201627
classification,por_Latn,guj_Gujr,3.87369194,0.61932287,-3.25436907
classification,por_Latn,rus_Cyrl,4.02707468,1.57425223,-2.45282245
classification,por_Latn,tha_Thai,9.56107794,1.84549356,-7.71558438
classification,por_Latn,zho_Hans,6.52131468,0.80183276,-5.71948192
classification,por_Latn,jpn_Jpan,2.53523073,2.26612435,-0.26910638
classification,por_Latn,kor_Hang,6.98105914,1.09137599,-5.88968315
classification,ron_Latn,ind_Latn,22.84366577,11.12297182,-11.72069395
classification,ron_Latn,zsm_Latn,22.12978369,11.11346766,-11.01631603
classification,ron_Latn,tgl_Latn,24.31693989,11.32454769,-12.99239220
classification,ron_Latn,pol_Latn,21.21656540,10.32195122,-10.89461418
classification,ron_Latn,hun_Latn,19.19363998,8.13312328,-11.06051670
classification,ron_Latn,tur_Latn,20.45735926,9.96462264,-10.49273662
classification,ron_Latn,vie_Latn,20.70963070,6.88615230,-13.82347840
classification,ron_Latn,arb_Arab,3.17268791,2.87638813,-0.29629978
classification,ron_Latn,hin_Deva,3.48131587,2.38240684,-1.09890903
classification,ron_Latn,guj_Gujr,3.90909941,0.56056056,-3.34853885
classification,ron_Latn,rus_Cyrl,4.16450665,1.58621866,-2.57828799
classification,ron_Latn,tha_Thai,9.73988676,1.93669304,-7.80319372
classification,ron_Latn,zho_Hans,6.72213418,0.68620178,-6.03593240
classification,ron_Latn,jpn_Jpan,2.59321559,2.33741753,-0.25579806
classification,ron_Latn,kor_Hang,7.20295667,1.01575456,-6.18720211
classification,ind_Latn,zsm_Latn,61.82345027,34.10999729,-27.71345298
classification,ind_Latn,tgl_Latn,31.72772103,15.69738788,-16.03033315
classification,ind_Latn,pol_Latn,19.64488636,10.05128205,-9.59360431
classification,ind_Latn,hun_Latn,19.63406569,8.60125261,-11.03281308
classification,ind_Latn,tur_Latn,22.64901676,10.74932164,-11.89969512
classification,ind_Latn,vie_Latn,21.56398104,6.50188071,-15.06210033
classification,ind_Latn,arb_Arab,3.19328968,3.05592927,-0.13736041
classification,ind_Latn,hin_Deva,3.50877193,2.35421166,-1.15456027
classification,ind_Latn,guj_Gujr,4.16666667,0.74483933,-3.42182734
classification,ind_Latn,rus_Cyrl,4.15481271,1.63199426,-2.52281845
classification,ind_Latn,tha_Thai,10.32678617,1.99291408,-8.33387209
classification,ind_Latn,zho_Hans,6.99343724,0.78431373,-6.20912351
classification,ind_Latn,jpn_Jpan,2.71193835,2.45166434,-0.26027401
classification,ind_Latn,kor_Hang,7.39013013,1.05820106,-6.33192907
classification,zsm_Latn,tgl_Latn,32.62360159,14.94895479,-17.67464680
classification,zsm_Latn,pol_Latn,19.11669659,9.98166633,-9.13503026
classification,zsm_Latn,hun_Latn,19.78169856,8.36092715,-11.42077141
classification,zsm_Latn,tur_Latn,22.62830482,11.15736886,-11.47093596
classification,zsm_Latn,vie_Latn,22.94296057,6.47137150,-16.47158907
classification,zsm_Latn,arb_Arab,3.45708703,2.85932139,-0.59776564
classification,zsm_Latn,hin_Deva,4.23257802,2.42489270,-1.80768532
classification,zsm_Latn,guj_Gujr,4.70838396,0.63317856,-4.07520540
classification,zsm_Latn,rus_Cyrl,4.15689105,1.45933440,-2.69755665
classification,zsm_Latn,tha_Thai,10.95070423,1.75438596,-9.19631827
classification,zsm_Latn,zho_Hans,7.26132404,0.75949367,-6.50183037
classification,zsm_Latn,jpn_Jpan,2.95471418,2.23276032,-0.72195386
classification,zsm_Latn,kor_Hang,7.87487420,1.18317266,-6.69170154
classification,tgl_Latn,pol_Latn,21.44274809,11.02957047,-10.41317762
classification,tgl_Latn,hun_Latn,20.99992114,9.47252747,-11.52739367
classification,tgl_Latn,tur_Latn,24.30607034,11.66007905,-12.64599129
classification,tgl_Latn,vie_Latn,24.88706797,8.33574530,-16.55132267
classification,tgl_Latn,arb_Arab,3.70839937,3.67009478,-0.03830459
classification,tgl_Latn,hin_Deva,4.41723356,3.00957592,-1.40765764
classification,tgl_Latn,guj_Gujr,5.22704998,0.80410990,-4.42294008
classification,tgl_Latn,rus_Cyrl,4.40567340,1.64240388,-2.76326952
classification,tgl_Latn,tha_Thai,11.61441273,2.11923614,-9.49517659
classification,tgl_Latn,zho_Hans,7.81066823,0.88187039,-6.92879784
classification,tgl_Latn,jpn_Jpan,3.09520088,2.82190635,-0.27329453
classification,tgl_Latn,kor_Hang,8.41711896,1.18274583,-7.23437313
classification,pol_Latn,hun_Latn,18.35290885,8.56868396,-9.78422489
classification,pol_Latn,tur_Latn,18.06550309,9.47308351,-8.59241958
classification,pol_Latn,vie_Latn,17.05472468,5.44802867,-11.60669601
classification,pol_Latn,arb_Arab,2.92096220,2.54102700,-0.37993520
classification,pol_Latn,hin_Deva,3.17240317,2.18633051,-0.98607266
classification,pol_Latn,guj_Gujr,3.55958038,0.66032239,-2.89925799
classification,pol_Latn,rus_Cyrl,3.97417906,1.39257294,-2.58160612
classification,pol_Latn,tha_Thai,8.83233533,1.62846803,-7.20386730
classification,pol_Latn,zho_Hans,6.23960067,0.64829822,-5.59130245
classification,pol_Latn,jpn_Jpan,2.48793420,2.21287491,-0.27505929
classification,pol_Latn,kor_Hang,6.54149001,0.90216520,-5.63932481
classification,hun_Latn,tur_Latn,19.72283005,8.73031305,-10.99251700
classification,hun_Latn,vie_Latn,19.47182780,5.48523207,-13.98659573
classification,hun_Latn,arb_Arab,3.12008015,2.17076700,-0.94931315
classification,hun_Latn,hin_Deva,3.46662367,1.78245898,-1.68416469
classification,hun_Latn,guj_Gujr,3.94587434,0.60120240,-3.34467194
classification,hun_Latn,rus_Cyrl,4.24333894,1.48312308,-2.76021586
classification,hun_Latn,tha_Thai,9.67795347,1.47272350,-8.20522997
classification,hun_Latn,zho_Hans,6.75720658,0.61190432,-6.14530226
classification,hun_Latn,jpn_Jpan,2.68166702,2.03083866,-0.65082836
classification,hun_Latn,kor_Hang,7.06246037,0.93264249,-6.12981788
classification,tur_Latn,vie_Latn,20.21523332,5.80801944,-14.40721388
classification,tur_Latn,arb_Arab,3.19241983,2.49465431,-0.69776552
classification,tur_Latn,hin_Deva,3.67501648,1.92766296,-1.74735352
classification,tur_Latn,guj_Gujr,4.21400136,0.58892815,-3.62507321
classification,tur_Latn,rus_Cyrl,4.07335567,1.50829563,-2.56506004
classification,tur_Latn,tha_Thai,10.01439093,1.73080839,-8.28358254
classification,tur_Latn,zho_Hans,6.79296346,0.65526028,-6.13770318
classification,tur_Latn,jpn_Jpan,2.67117863,2.01069913,-0.66047950
classification,tur_Latn,kor_Hang,7.28450020,0.99492386,-6.28957634
classification,vie_Latn,arb_Arab,4.34368451,2.65363128,-1.69005323
classification,vie_Latn,hin_Deva,5.13452915,2.32369630,-2.81083285
classification,vie_Latn,guj_Gujr,6.25176404,0.53163211,-5.72013193
classification,vie_Latn,rus_Cyrl,5.10218872,1.37604816,-3.72614056
classification,vie_Latn,tha_Thai,14.00628711,2.18120805,-11.82507906
classification,vie_Latn,zho_Hans,8.67311679,0.76997113,-7.90314566
classification,vie_Latn,jpn_Jpan,3.54968624,2.22113742,-1.32854882
classification,vie_Latn,kor_Hang,9.89503608,1.08544392,-8.80959216
classification,arb_Arab,hin_Deva,3.48268441,1.42801252,-2.05467189
classification,arb_Arab,guj_Gujr,4.16467780,0.38759690,-3.77708090
classification,arb_Arab,rus_Cyrl,2.66100033,0.75820010,-1.90280023
classification,arb_Arab,tha_Thai,3.98259389,1.04000000,-2.94259389
classification,arb_Arab,zho_Hans,2.80513280,0.46762590,-2.33750690
classification,arb_Arab,jpn_Jpan,2.07379029,1.39771283,-0.67607746
classification,arb_Arab,kor_Hang,3.43844810,0.66039624,-2.77805186
classification,hin_Deva,guj_Gujr,6.15909766,0.41868665,-5.74041101
classification,hin_Deva,rus_Cyrl,2.92167577,0.69699193,-2.22468384
classification,hin_Deva,tha_Thai,4.92533987,0.81948555,-4.10585432
classification,hin_Deva,zho_Hans,3.27494288,0.36400404,-2.91093884
classification,hin_Deva,jpn_Jpan,2.27925685,1.07942974,-1.19982711
classification,hin_Deva,kor_Hang,4.43652850,0.57051575,-3.86601275
classification,guj_Gujr,rus_Cyrl,3.36785384,0.18264840,-3.18520544
classification,guj_Gujr,tha_Thai,5.89140778,0.24926354,-5.64214424
classification,guj_Gujr,zho_Hans,3.78871404,0.08074283,-3.70797121
classification,guj_Gujr,jpn_Jpan,2.86546302,0.30345944,-2.56200358
classification,guj_Gujr,kor_Hang,5.67107750,0.15927190,-5.51180560
classification,rus_Cyrl,tha_Thai,4.37154547,0.67656456,-3.69498091
classification,rus_Cyrl,zho_Hans,3.04471931,0.49471170,-2.55000761
classification,rus_Cyrl,jpn_Jpan,1.82989691,0.87328767,-0.95660924
classification,rus_Cyrl,kor_Hang,3.54019450,0.60343202,-2.93676248
classification,tha_Thai,zho_Hans,6.57994763,0.41580042,-6.16414721
classification,tha_Thai,jpn_Jpan,3.34420121,1.08832147,-2.25587974
classification,tha_Thai,kor_Hang,7.99614644,0.73061513,-7.26553131
classification,zho_Hans,jpn_Jpan,15.78947368,8.91370558,-6.87576810
classification,zho_Hans,kor_Hang,6.19330365,0.58577406,-5.60752959
classification,jpn_Jpan,kor_Hang,3.28420670,0.81778151,-2.46642519
clustering,eng_Latn,deu_Latn,21.93094629,13.50407451,-8.42687178
clustering,eng_Latn,nld_Latn,28.82450201,18.08470050,-10.73980151
clustering,eng_Latn,swe_Latn,25.36534447,16.56299549,-8.80234898
clustering,eng_Latn,spa_Latn,22.86655212,14.14651750,-8.72003462
clustering,eng_Latn,fra_Latn,29.59531163,17.79661017,-11.79870146
clustering,eng_Latn,ita_Latn,25.89240091,15.39752968,-10.49487123
clustering,eng_Latn,por_Latn,24.12884334,14.93906118,-9.18978216
clustering,eng_Latn,ron_Latn,27.26789242,16.59558455,-10.67230787
clustering,eng_Latn,ind_Latn,22.77916383,15.65844859,-7.12071524
clustering,eng_Latn,zsm_Latn,24.09535642,16.17395553,-7.92140089
clustering,eng_Latn,tgl_Latn,30.50486099,16.56895589,-13.93590510
clustering,eng_Latn,pol_Latn,18.97840532,12.22767195,-6.75073337
clustering,eng_Latn,hun_Latn,18.38638468,11.17260464,-7.21378004
clustering,eng_Latn,tur_Latn,19.35413326,12.70294992,-6.65118334
clustering,eng_Latn,vie_Latn,22.99430279,12.46151591,-10.53278688
clustering,eng_Latn,arb_Arab,3.44107696,1.64656772,-1.79450924
clustering,eng_Latn,hin_Deva,4.10970052,2.13889622,-1.97080430
clustering,eng_Latn,guj_Gujr,4.65716745,2.23723724,-2.41993021
clustering,eng_Latn,rus_Cyrl,4.24133116,2.56974303,-1.67158813
clustering,eng_Latn,tha_Thai,10.93658127,5.57928803,-5.35729324
clustering,eng_Latn,zho_Hans,7.33458596,4.56244503,-2.77214093
clustering,eng_Latn,jpn_Jpan,2.91586658,1.51074956,-1.40511702
clustering,eng_Latn,kor_Hang,8.11722200,4.61518955,-3.50203245
clustering,deu_Latn,nld_Latn,26.26518596,15.68675586,-10.57843010
clustering,deu_Latn,swe_Latn,24.88691032,15.34435589,-9.54255443
clustering,deu_Latn,spa_Latn,16.72478453,9.63224411,-7.09254042
clustering,deu_Latn,fra_Latn,19.59483306,11.02371733,-8.57111573
clustering,deu_Latn,ita_Latn,18.73043362,10.51618746,-8.21424616
clustering,deu_Latn,por_Latn,17.95371990,10.79903703,-7.15468287
clustering,deu_Latn,ron_Latn,19.89760620,11.26179245,-8.63581375
clustering,deu_Latn,ind_Latn,20.08424961,12.73252455,-7.35172506
clustering,deu_Latn,zsm_Latn,19.77433820,12.47086247,-7.30347573
clustering,deu_Latn,tgl_Latn,21.47774208,11.67960016,-9.79814192
clustering,deu_Latn,pol_Latn,18.07429065,11.14947650,-6.92481415
clustering,deu_Latn,hun_Latn,18.35443038,10.26941720,-8.08501318
clustering,deu_Latn,tur_Latn,18.96975226,12.08655679,-6.88319547
clustering,deu_Latn,vie_Latn,19.03030303,10.13818387,-8.89211916
clustering,deu_Latn,arb_Arab,3.07543787,1.55074116,-1.52469671
clustering,deu_Latn,hin_Deva,3.42640575,1.82288300,-1.60352275
clustering,deu_Latn,guj_Gujr,3.88568338,2.08608785,-1.79959553
clustering,deu_Latn,rus_Cyrl,4.09139513,2.57472625,-1.51666888
clustering,deu_Latn,tha_Thai,9.75240825,4.72103004,-5.03137821
clustering,deu_Latn,zho_Hans,6.97044017,4.12126443,-2.84917574
clustering,deu_Latn,jpn_Jpan,2.63929619,1.53300538,-1.10629081
clustering,deu_Latn,kor_Hang,7.30384292,4.00347050,-3.30037242
clustering,nld_Latn,swe_Latn,26.91807542,15.99447167,-10.92360375
clustering,nld_Latn,spa_Latn,20.23564483,11.87889147,-8.35675336
clustering,nld_Latn,fra_Latn,24.57169316,13.39669314,-11.17500002
clustering,nld_Latn,ita_Latn,23.13924051,13.07308768,-10.06615283
clustering,nld_Latn,por_Latn,21.27844615,12.71747121,-8.56097494
clustering,nld_Latn,ron_Latn,24.33428614,13.89029964,-10.44398650
clustering,nld_Latn,ind_Latn,22.71508465,14.54635108,-8.16873357
clustering,nld_Latn,zsm_Latn,22.27653631,13.63355190,-8.64298441
clustering,nld_Latn,tgl_Latn,25.25747508,13.42566422,-11.83181086
clustering,nld_Latn,pol_Latn,20.05943536,12.36565490,-7.69378046
clustering,nld_Latn,hun_Latn,19.85240392,11.58083832,-8.27156560
clustering,nld_Latn,tur_Latn,20.12644106,12.57824495,-7.54819611
clustering,nld_Latn,vie_Latn,21.29473487,11.01707723,-10.27765764
clustering,nld_Latn,arb_Arab,3.21756895,1.44213436,-1.77543459
clustering,nld_Latn,hin_Deva,3.61852951,1.89742885,-1.72110066
clustering,nld_Latn,guj_Gujr,4.09708738,2.01384519,-2.08324219
clustering,nld_Latn,rus_Cyrl,4.19856318,2.56066082,-1.63790236
clustering,nld_Latn,tha_Thai,10.47303046,4.52482648,-5.94820398
clustering,nld_Latn,zho_Hans,7.00088189,4.10244787,-2.89843402
clustering,nld_Latn,jpn_Jpan,2.76215203,1.45976595,-1.30238608
clustering,nld_Latn,kor_Hang,7.51745413,4.02940018,-3.48805395
clustering,swe_Latn,spa_Latn,19.45054945,11.76122231,-7.68932714
clustering,swe_Latn,fra_Latn,22.40171129,12.71175806,-9.68995323
clustering,swe_Latn,ita_Latn,21.82642036,12.48236953,-9.34405083
clustering,swe_Latn,por_Latn,20.27433690,12.50742368,-7.76691322
clustering,swe_Latn,ron_Latn,22.62420566,13.46838551,-9.15582015
clustering,swe_Latn,ind_Latn,22.79132185,14.99338704,-7.79793481
clustering,swe_Latn,zsm_Latn,22.31024596,14.63030303,-7.67994293
clustering,swe_Latn,tgl_Latn,24.63291342,13.74914325,-10.88377017
clustering,swe_Latn,pol_Latn,20.19595667,12.21190230,-7.98405437
clustering,swe_Latn,hun_Latn,20.69459363,12.11270899,-8.58188464
clustering,swe_Latn,tur_Latn,20.56495534,13.49849502,-7.06646032
clustering,swe_Latn,vie_Latn,19.45261656,11.09814788,-8.35446868
clustering,swe_Latn,arb_Arab,3.07116634,1.56195361,-1.50921273
clustering,swe_Latn,hin_Deva,3.36534646,1.84252386,-1.52282260
clustering,swe_Latn,guj_Gujr,3.88620305,1.90045249,-1.98575056
clustering,swe_Latn,rus_Cyrl,4.07180134,2.61437908,-1.45742226
clustering,swe_Latn,tha_Thai,9.70770738,5.24743473,-4.46027265
clustering,swe_Latn,zho_Hans,6.70831963,4.20890260,-2.49941703
clustering,swe_Latn,jpn_Jpan,2.59613371,1.34236022,-1.25377349
clustering,swe_Latn,kor_Hang,7.24297236,3.93002028,-3.31295208
clustering,spa_Latn,fra_Latn,23.05345729,12.94982261,-10.10363468
clustering,spa_Latn,ita_Latn,27.97242964,16.63188904,-11.34054060
clustering,spa_Latn,por_Latn,40.41803476,25.43684140,-14.98119336
clustering,spa_Latn,ron_Latn,27.50349496,15.64351443,-11.85998053
clustering,spa_Latn,ind_Latn,19.14984060,12.31224128,-6.83759932
clustering,spa_Latn,zsm_Latn,19.30115274,12.37582286,-6.92532988
clustering,spa_Latn,tgl_Latn,22.97506582,13.17381738,-9.80124844
clustering,spa_Latn,pol_Latn,17.30375652,10.74643875,-6.55731777
clustering,spa_Latn,hun_Latn,18.05517431,10.45243619,-7.60273812
clustering,spa_Latn,tur_Latn,17.35668790,10.61122472,-6.74546318
clustering,spa_Latn,vie_Latn,18.47797983,9.59500653,-8.88297330
clustering,spa_Latn,arb_Arab,2.92659413,1.38383957,-1.54275456
clustering,spa_Latn,hin_Deva,3.13946313,1.68246762,-1.45699551
clustering,spa_Latn,guj_Gujr,3.56853933,1.81153905,-1.75700028
clustering,spa_Latn,rus_Cyrl,3.92200933,2.24934436,-1.67266497
clustering,spa_Latn,tha_Thai,8.96371828,4.43202495,-4.53169333
clustering,spa_Latn,zho_Hans,6.24399000,3.66526827,-2.57872173
clustering,spa_Latn,jpn_Jpan,2.38111436,1.28159906,-1.09951530
clustering,spa_Latn,kor_Hang,6.45039036,3.55368743,-2.89670293
clustering,fra_Latn,ita_Latn,25.83887657,14.43025168,-11.40862489
clustering,fra_Latn,por_Latn,24.17272592,13.21948134,-10.95324458
clustering,fra_Latn,ron_Latn,25.69190998,14.37565582,-11.31625416
clustering,fra_Latn,ind_Latn,19.43636770,10.86316822,-8.57319948
clustering,fra_Latn,zsm_Latn,19.68258790,11.03516839,-8.64741951
clustering,fra_Latn,tgl_Latn,22.35742679,11.75625180,-10.60117499
clustering,fra_Latn,pol_Latn,17.60221760,9.95845697,-7.64376063
clustering,fra_Latn,hun_Latn,18.41345460,9.59748580,-8.81596880
clustering,fra_Latn,tur_Latn,17.82770443,10.51315633,-7.31454810
clustering,fra_Latn,vie_Latn,20.10945181,10.11793917,-9.99151264
clustering,fra_Latn,arb_Arab,3.02919974,1.24845488,-1.78074486
clustering,fra_Latn,hin_Deva,3.16730943,1.47371404,-1.69359539
clustering,fra_Latn,guj_Gujr,3.68365078,1.44833198,-2.23531880
clustering,fra_Latn,rus_Cyrl,4.00822803,2.02296913,-1.98525890
clustering,fra_Latn,tha_Thai,9.60418601,4.12031314,-5.48387287
clustering,fra_Latn,zho_Hans,6.64548405,3.62982721,-3.01565684
clustering,fra_Latn,jpn_Jpan,2.65072391,1.12777296,-1.52295095
clustering,fra_Latn,kor_Hang,6.98651159,3.24142569,-3.74508590
clustering,ita_Latn,por_Latn,29.11689263,17.52094628,-11.59594635
clustering,ita_Latn,ron_Latn,30.31731777,17.33266104,-12.98465673
clustering,ita_Latn,ind_Latn,20.79759863,12.32940628,-8.46819235
clustering,ita_Latn,zsm_Latn,20.38336347,11.83793306,-8.54543041
clustering,ita_Latn,tgl_Latn,24.05781335,12.76796548,-11.28984787
clustering,ita_Latn,pol_Latn,18.53917663,10.68419279,-7.85498384
clustering,ita_Latn,hun_Latn,18.08866726,10.05357346,-8.03509380
clustering,ita_Latn,tur_Latn,18.51259218,10.81172112,-7.70087106
clustering,ita_Latn,vie_Latn,19.36653146,9.69307637,-9.67345509
clustering,ita_Latn,arb_Arab,3.10742214,1.26888915,-1.83853299
clustering,ita_Latn,hin_Deva,3.28548399,1.54632420,-1.73915979
clustering,ita_Latn,guj_Gujr,3.69907076,1.91216014,-1.78691062
clustering,ita_Latn,rus_Cyrl,4.05488659,2.09741551,-1.95747108
clustering,ita_Latn,tha_Thai,9.45466025,4.32950192,-5.12515833
clustering,ita_Latn,zho_Hans,6.59115633,3.57803154,-3.01312479
clustering,ita_Latn,jpn_Jpan,2.68711407,1.36732329,-1.31979078
clustering,ita_Latn,kor_Hang,6.97357462,3.48109191,-3.49248271
clustering,por_Latn,ron_Latn,27.96502504,16.28787879,-11.67714625
clustering,por_Latn,ind_Latn,20.23740591,12.88488868,-7.35251723
clustering,por_Latn,zsm_Latn,20.29571870,13.10452418,-7.19119452
clustering,por_Latn,tgl_Latn,23.37662338,13.49718523,-9.87943815
clustering,por_Latn,pol_Latn,17.90533736,10.97963363,-6.92570373
clustering,por_Latn,hun_Latn,18.74388710,11.02462825,-7.71925885
clustering,por_Latn,tur_Latn,18.28070919,12.07707306,-6.20363613
clustering,por_Latn,vie_Latn,20.12952449,11.24798358,-8.88154091
clustering,por_Latn,arb_Arab,3.19215961,1.52029002,-1.67186959
clustering,por_Latn,hin_Deva,3.44150232,1.79616817,-1.64533415
clustering,por_Latn,guj_Gujr,3.87369194,2.00242718,-1.87126476
clustering,por_Latn,rus_Cyrl,4.02707468,2.70570419,-1.32137049
clustering,por_Latn,tha_Thai,9.56107794,4.85903599,-4.70204195
clustering,por_Latn,zho_Hans,6.52131468,4.05121978,-2.47009490
clustering,por_Latn,jpn_Jpan,2.53523073,1.29991802,-1.23531271
clustering,por_Latn,kor_Hang,6.98105914,3.97249809,-3.00856105
clustering,ron_Latn,ind_Latn,22.84366577,14.02304486,-8.82062091
clustering,ron_Latn,zsm_Latn,22.12978369,13.72912801,-8.40065568
clustering,ron_Latn,tgl_Latn,24.31693989,12.94448349,-11.37245640
clustering,ron_Latn,pol_Latn,21.21656540,12.57683215,-8.63973325
clustering,ron_Latn,hun_Latn,19.19363998,10.73251811,-8.46112187
clustering,ron_Latn,tur_Latn,20.45735926,12.69635054,-7.76100872
clustering,ron_Latn,vie_Latn,20.70963070,10.74977416,-9.95985654
clustering,ron_Latn,arb_Arab,3.17268791,1.33093525,-1.84175266
clustering,ron_Latn,hin_Deva,3.48131587,1.74115712,-1.74015875
clustering,ron_Latn,guj_Gujr,3.90909941,1.81875196,-2.09034745
clustering,ron_Latn,rus_Cyrl,4.16450665,2.26267613,-1.90183052
clustering,ron_Latn,tha_Thai,9.73988676,4.42136103,-5.31852573
clustering,ron_Latn,zho_Hans,6.72213418,3.75719282,-2.96494136
clustering,ron_Latn,jpn_Jpan,2.59321559,1.34809822,-1.24511737
clustering,ron_Latn,kor_Hang,7.20295667,3.57608979,-3.62686688
clustering,ind_Latn,zsm_Latn,61.82345027,46.64098613,-15.18246414
clustering,ind_Latn,tgl_Latn,31.72772103,18.78908471,-12.93863632
clustering,ind_Latn,pol_Latn,19.64488636,12.52571429,-7.11917207
clustering,ind_Latn,hun_Latn,19.63406569,12.11945155,-7.51461414
clustering,ind_Latn,tur_Latn,22.64901676,15.08575429,-7.56326247
clustering,ind_Latn,vie_Latn,21.56398104,11.33990719,-10.22407385
clustering,ind_Latn,arb_Arab,3.19328968,1.52760097,-1.66568871
clustering,ind_Latn,hin_Deva,3.50877193,1.86817524,-1.64059669
clustering,ind_Latn,guj_Gujr,4.16666667,2.14296418,-2.02370249
clustering,ind_Latn,rus_Cyrl,4.15481271,2.67053411,-1.48427860
clustering,ind_Latn,tha_Thai,10.32678617,5.26112186,-5.06566431
clustering,ind_Latn,zho_Hans,6.99343724,4.38692696,-2.60651028
clustering,ind_Latn,jpn_Jpan,2.71193835,1.45062087,-1.26131748
clustering,ind_Latn,kor_Hang,7.39013013,3.96575601,-3.42437412
clustering,zsm_Latn,tgl_Latn,32.62360159,18.44674131,-14.17686028
clustering,zsm_Latn,pol_Latn,19.11669659,12.17461414,-6.94208245
clustering,zsm_Latn,hun_Latn,19.78169856,12.56340687,-7.21829169
clustering,zsm_Latn,tur_Latn,22.62830482,15.16761095,-7.46069387
clustering,zsm_Latn,vie_Latn,22.94296057,12.52972652,-10.41323405
clustering,zsm_Latn,arb_Arab,3.45708703,1.60628444,-1.85080259
clustering,zsm_Latn,hin_Deva,4.23257802,2.14018192,-2.09239610
clustering,zsm_Latn,guj_Gujr,4.70838396,2.16232679,-2.54605717
clustering,zsm_Latn,rus_Cyrl,4.15689105,2.74097299,-1.41591806
clustering,zsm_Latn,tha_Thai,10.95070423,5.59706384,-5.35364039
clustering,zsm_Latn,zho_Hans,7.26132404,4.42743009,-2.83389395
clustering,zsm_Latn,jpn_Jpan,2.95471418,1.44501880,-1.50969538
clustering,zsm_Latn,kor_Hang,7.87487420,4.31277195,-3.56210225
clustering,tgl_Latn,pol_Latn,21.44274809,12.05432937,-9.38841872
clustering,tgl_Latn,hun_Latn,20.99992114,11.65423548,-9.34568566
clustering,tgl_Latn,tur_Latn,24.30607034,14.42640405,-9.87966629
clustering,tgl_Latn,vie_Latn,24.88706797,11.98044010,-12.90662787
clustering,tgl_Latn,arb_Arab,3.70839937,1.62447543,-2.08392394
clustering,tgl_Latn,hin_Deva,4.41723356,2.06429247,-2.35294109
clustering,tgl_Latn,guj_Gujr,5.22704998,2.37963475,-2.84741523
clustering,tgl_Latn,rus_Cyrl,4.40567340,2.31949972,-2.08617368
clustering,tgl_Latn,tha_Thai,11.61441273,4.78577940,-6.82863333
clustering,tgl_Latn,zho_Hans,7.81066823,4.06052963,-3.75013860
clustering,tgl_Latn,jpn_Jpan,3.09520088,1.46579805,-1.62940283
clustering,tgl_Latn,kor_Hang,8.41711896,3.97026022,-4.44685874
clustering,pol_Latn,hun_Latn,18.35290885,10.67384236,-7.67906649
clustering,pol_Latn,tur_Latn,18.06550309,11.84298071,-6.22252238
clustering,pol_Latn,vie_Latn,17.05472468,9.16125466,-7.89347002
clustering,pol_Latn,arb_Arab,2.92096220,1.26083530,-1.66012690
clustering,pol_Latn,hin_Deva,3.17240317,1.67219811,-1.50020506
clustering,pol_Latn,guj_Gujr,3.55958038,1.64644714,-1.91313324
clustering,pol_Latn,rus_Cyrl,3.97417906,2.39211092,-1.58206814
clustering,pol_Latn,tha_Thai,8.83233533,4.31699428,-4.51534105
clustering,pol_Latn,zho_Hans,6.23960067,3.52891156,-2.71068911
clustering,pol_Latn,jpn_Jpan,2.48793420,1.21951220,-1.26842200
clustering,pol_Latn,kor_Hang,6.54149001,3.37681336,-3.16467665
clustering,hun_Latn,tur_Latn,19.72283005,11.96784420,-7.75498585
clustering,hun_Latn,vie_Latn,19.47182780,9.74497792,-9.72684988
clustering,hun_Latn,arb_Arab,3.12008015,1.40617796,-1.71390219
clustering,hun_Latn,hin_Deva,3.46662367,1.74197773,-1.72464594
clustering,hun_Latn,guj_Gujr,3.94587434,1.98270722,-1.96316712
clustering,hun_Latn,rus_Cyrl,4.24333894,2.55132549,-1.69201345
clustering,hun_Latn,tha_Thai,9.67795347,4.82652669,-4.85142678
clustering,hun_Latn,zho_Hans,6.75720658,3.86373531,-2.89347127
clustering,hun_Latn,jpn_Jpan,2.68166702,1.32917245,-1.35249457
clustering,hun_Latn,kor_Hang,7.06246037,3.78398697,-3.27847340
clustering,tur_Latn,vie_Latn,20.21523332,11.05189341,-9.16333991
clustering,tur_Latn,arb_Arab,3.19241983,1.60072145,-1.59169838
clustering,tur_Latn,hin_Deva,3.67501648,2.03220859,-1.64280789
clustering,tur_Latn,guj_Gujr,4.21400136,2.18682114,-2.02718022
clustering,tur_Latn,rus_Cyrl,4.07335567,2.65806704,-1.41528863
clustering,tur_Latn,tha_Thai,10.01439093,4.99812570,-5.01626523
clustering,tur_Latn,zho_Hans,6.79296346,4.09643695,-2.69652651
clustering,tur_Latn,jpn_Jpan,2.67117863,1.41131309,-1.25986554
clustering,tur_Latn,kor_Hang,7.28450020,4.10388338,-3.18061682
clustering,vie_Latn,arb_Arab,4.34368451,1.80435431,-2.53933020
clustering,vie_Latn,hin_Deva,5.13452915,2.43859339,-2.69593576
clustering,vie_Latn,guj_Gujr,6.25176404,2.87283481,-3.37892923
clustering,vie_Latn,rus_Cyrl,5.10218872,2.81794587,-2.28424285
clustering,vie_Latn,tha_Thai,14.00628711,5.33717384,-8.66911327
clustering,vie_Latn,zho_Hans,8.67311679,4.35501654,-4.31810025
clustering,vie_Latn,jpn_Jpan,3.54968624,1.67564333,-1.87404291
clustering,vie_Latn,kor_Hang,9.89503608,4.57256461,-5.32247147
clustering,arb_Arab,hin_Deva,3.48268441,1.66691252,-1.81577189
clustering,arb_Arab,guj_Gujr,4.16467780,1.65303340,-2.51164440
clustering,arb_Arab,rus_Cyrl,2.66100033,1.37841913,-1.28258120
clustering,arb_Arab,tha_Thai,3.98259389,1.65438621,-2.32820768
clustering,arb_Arab,zho_Hans,2.80513280,1.41586707,-1.38926573
clustering,arb_Arab,jpn_Jpan,2.07379029,0.88212733,-1.19166296
clustering,arb_Arab,kor_Hang,3.43844810,1.60493827,-1.83350983
clustering,hin_Deva,guj_Gujr,6.15909766,2.42839352,-3.73070414
clustering,hin_Deva,rus_Cyrl,2.92167577,1.57499394,-1.34668183
clustering,hin_Deva,tha_Thai,4.92533987,2.11313394,-2.81220593
clustering,hin_Deva,zho_Hans,3.27494288,1.86741363,-1.40752925
clustering,hin_Deva,jpn_Jpan,2.27925685,0.95644497,-1.32281188
clustering,hin_Deva,kor_Hang,4.43652850,2.06466069,-2.37186781
clustering,guj_Gujr,rus_Cyrl,3.36785384,1.64940022,-1.71845362
clustering,guj_Gujr,tha_Thai,5.89140778,2.42922724,-3.46218054
clustering,guj_Gujr,zho_Hans,3.78871404,1.94469766,-1.84401638
clustering,guj_Gujr,jpn_Jpan,2.86546302,1.19372442,-1.67173860
clustering,guj_Gujr,kor_Hang,5.67107750,2.57858084,-3.09249666
clustering,rus_Cyrl,tha_Thai,4.37154547,2.32450023,-2.04704524
clustering,rus_Cyrl,zho_Hans,3.04471931,1.97751456,-1.06720475
clustering,rus_Cyrl,jpn_Jpan,1.82989691,0.91417509,-0.91572182
clustering,rus_Cyrl,kor_Hang,3.54019450,2.06445693,-1.47573757
clustering,tha_Thai,zho_Hans,6.57994763,3.42747112,-3.15247651
clustering,tha_Thai,jpn_Jpan,3.34420121,1.40668524,-1.93751597
clustering,tha_Thai,kor_Hang,7.99614644,3.72348543,-4.27266101
clustering,zho_Hans,jpn_Jpan,15.78947368,11.86528497,-3.92418871
clustering,zho_Hans,kor_Hang,6.19330365,3.34685598,-2.84644767
clustering,jpn_Jpan,kor_Hang,3.28420670,1.36045074,-1.92375596
reranking,eng_Latn,deu_Latn,21.93094629,9.88241181,-12.04853448
reranking,eng_Latn,nld_Latn,28.82450201,10.98118280,-17.84331921
reranking,eng_Latn,swe_Latn,25.36534447,10.35327488,-15.01206959
reranking,eng_Latn,fra_Latn,29.59531163,10.63036785,-18.96494378
reranking,eng_Latn,ita_Latn,25.89240091,11.12119248,-14.77120843
reranking,eng_Latn,por_Latn,24.12884334,9.71125210,-14.41759124
reranking,eng_Latn,ron_Latn,27.26789242,11.39589905,-15.87199337
reranking,eng_Latn,hin_Deva,4.10970052,1.88309732,-2.22660320
reranking,eng_Latn,rus_Cyrl,4.24133116,2.32136380,-1.91996736
reranking,eng_Latn,zho_Hans,7.33458596,2.19974716,-5.13483880
reranking,eng_Latn,jpn_Jpan,2.91586658,3.32458443,0.40871785
reranking,deu_Latn,nld_Latn,26.26518596,12.81158769,-13.45359827
reranking,deu_Latn,swe_Latn,24.88691032,12.00216450,-12.88474582
reranking,deu_Latn,fra_Latn,19.59483306,7.37694704,-12.21788602
reranking,deu_Latn,ita_Latn,18.73043362,9.75428935,-8.97614427
reranking,deu_Latn,por_Latn,17.95371990,9.43698017,-8.51673973
reranking,deu_Latn,ron_Latn,19.89760620,10.21043590,-9.68717030
reranking,deu_Latn,hin_Deva,3.42640575,1.41095566,-2.01545009
reranking,deu_Latn,rus_Cyrl,4.09139513,2.09100866,-2.00038647
reranking,deu_Latn,zho_Hans,6.97044017,1.46953037,-5.50090980
reranking,deu_Latn,jpn_Jpan,2.63929619,3.06549001,0.42619382
reranking,nld_Latn,swe_Latn,26.91807542,11.85514178,-15.06293364
reranking,nld_Latn,fra_Latn,24.57169316,9.42783714,-15.14385602
reranking,nld_Latn,ita_Latn,23.13924051,10.71589374,-12.42334677
reranking,nld_Latn,por_Latn,21.27844615,9.94918125,-11.32926490
reranking,nld_Latn,ron_Latn,24.33428614,11.25328459,-13.08100155
reranking,nld_Latn,hin_Deva,3.61852951,1.44084934,-2.17768017
reranking,nld_Latn,rus_Cyrl,4.19856318,2.22829514,-1.97026804
reranking,nld_Latn,zho_Hans,7.00088189,1.81917211,-5.18170978
reranking,nld_Latn,jpn_Jpan,2.76215203,2.83286119,0.07070916
reranking,swe_Latn,fra_Latn,22.40171129,8.24197085,-14.15974044
reranking,swe_Latn,ita_Latn,21.82642036,10.29155788,-11.53486248
reranking,swe_Latn,por_Latn,20.27433690,9.28688078,-10.98745612
reranking,swe_Latn,ron_Latn,22.62420566,11.25886525,-11.36534041
reranking,swe_Latn,hin_Deva,3.36534646,1.42491779,-1.94042867
reranking,swe_Latn,rus_Cyrl,4.07180134,2.14933279,-1.92246855
reranking,swe_Latn,zho_Hans,6.70831963,1.68616293,-5.02215670
reranking,swe_Latn,jpn_Jpan,2.59613371,2.85340625,0.25727254
reranking,fra_Latn,ita_Latn,25.83887657,9.79623824,-16.04263833
reranking,fra_Latn,por_Latn,24.17272592,9.78059741,-14.39212851
reranking,fra_Latn,ron_Latn,25.69190998,9.67656766,-16.01534232
reranking,fra_Latn,hin_Deva,3.16730943,1.74302021,-1.42428922
reranking,fra_Latn,rus_Cyrl,4.00822803,2.25563910,-1.75258893
reranking,fra_Latn,zho_Hans,6.64548405,2.28682171,-4.35866234
reranking,fra_Latn,jpn_Jpan,2.65072391,3.37666218,0.72593827
reranking,ita_Latn,por_Latn,29.11689263,13.94241669,-15.17447594
reranking,ita_Latn,ron_Latn,30.31731777,14.92912666,-15.38819111
reranking,ita_Latn,hin_Deva,3.28548399,1.34856032,-1.93692367
reranking,ita_Latn,rus_Cyrl,4.05488659,2.21905537,-1.83583122
reranking,ita_Latn,zho_Hans,6.59115633,1.65158847,-4.93956786
reranking,ita_Latn,jpn_Jpan,2.68711407,2.82425537,0.13714130
reranking,por_Latn,ron_Latn,27.96502504,13.31967213,-14.64535291
reranking,por_Latn,hin_Deva,3.44150232,1.42751661,-2.01398571
reranking,por_Latn,rus_Cyrl,4.02707468,2.03201970,-1.99505498
reranking,por_Latn,zho_Hans,6.52131468,1.55038760,-4.97092708
reranking,por_Latn,jpn_Jpan,2.53523073,2.95708619,0.42185546
reranking,ron_Latn,hin_Deva,3.48131587,1.38974296,-2.09157291
reranking,ron_Latn,rus_Cyrl,4.16450665,2.10493891,-2.05956774
reranking,ron_Latn,zho_Hans,6.72213418,1.62558436,-5.09654982
reranking,ron_Latn,jpn_Jpan,2.59321559,3.08025508,0.48703949
reranking,hin_Deva,rus_Cyrl,2.92167577,0.98135427,-1.94032150
reranking,hin_Deva,zho_Hans,3.27494288,0.74406671,-2.53087617
reranking,hin_Deva,jpn_Jpan,2.27925685,1.01679929,-1.26245756
reranking,rus_Cyrl,zho_Hans,3.04471931,0.87645195,-2.16826736
reranking,rus_Cyrl,jpn_Jpan,1.82989691,1.24260355,-0.58729336
reranking,zho_Hans,jpn_Jpan,15.78947368,9.95158687,-5.83788681
